$MeshFormat
4.1 0 8
$EndMeshFormat
$PhysicalNames
18
1 2 "electrode_1"
1 3 "electrode_2"
1 4 "electrode_3"
1 5 "electrode_4"
1 6 "electrode_5"
1 7 "electrode_6"
1 8 "electrode_7"
1 9 "electrode_8"
1 10 "electrode_9"
1 11 "electrode_10"
1 12 "electrode_11"
1 13 "electrode_12"
1 14 "electrode_13"
1 15 "electrode_14"
1 16 "electrode_15"
1 17 "electrode_16"
1 18 "gaps"
2 1 "domain"
$EndPhysicalNames
$Entities
116 112 1 0
1 0.09801714032956077 0.9951847266721968 0 0 
2 0.05887080365118921 0.9982656101847159 0 0 
3 0.01963369246062847 0.9998072404820648 0 0 
4 -0.01963369246062813 0.9998072404820648 0 0 
5 -0.05887080365118886 0.9982656101847159 0 0 
6 -0.09801714032956042 0.9951847266721969 0 0 
7 -0.195090322016128 0.9807852804032305 0 0 
8 -0.2902846772544622 0.9569403357322089 0 0 
9 -0.3276301795616933 0.944806046466878 0 0 
10 -0.3644704998791495 0.9312149347588037 0 0 
11 -0.400748833103141 0.9161879571171359 0 0 
12 -0.4364092406733419 0.8997482840522215 0 0 
13 -0.4713967368259977 0.881921264348355 0 0 
14 -0.555570233019602 0.8314696123025455 0 0 
15 -0.6343932841636454 0.7730104533627371 0 0 
16 -0.6642524379112814 0.7475083268625971 0 0 
17 -0.6930873625456357 0.7208535967029189 0 0 
18 -0.7208535967029185 0.6930873625456362 0 0 
19 -0.7475083268625966 0.6642524379112819 0 0 
20 -0.7730104533627367 0.6343932841636458 0 0 
21 -0.831469612302545 0.5555702330196025 0 0 
22 -0.8819212643483549 0.4713967368259979 0 0 
23 -0.8997482840522215 0.4364092406733421 0 0 
24 -0.9161879571171359 0.4007488331031412 0 0 
25 -0.9312149347588036 0.3644704998791496 0 0 
26 -0.9448060464668779 0.3276301795616937 0 0 
27 -0.9569403357322088 0.2902846772544624 0 0 
28 -0.9807852804032304 0.1950903220161286 0 0 
29 -0.9951847266721968 0.09801714032956083 0 0 
30 -0.9982656101847158 0.05887080365118949 0 0 
31 -0.9998072404820648 0.01963369246062853 0 0 
32 -0.9998072404820648 -0.01963369246062785 0 0 
33 -0.9982656101847159 -0.0588708036511888 0 0 
34 -0.9951847266721969 -0.09801714032956015 0 0 
35 -0.9807852804032305 -0.1950903220161279 0 0 
36 -0.9569403357322089 -0.2902846772544621 0 0 
37 -0.944806046466878 -0.3276301795616935 0 0 
38 -0.9312149347588037 -0.3644704998791494 0 0 
39 -0.916187957117136 -0.4007488331031409 0 0 
40 -0.8997482840522215 -0.4364092406733419 0 0 
41 -0.881921264348355 -0.4713967368259976 0 0 
42 -0.8314696123025455 -0.555570233019602 0 0 
43 -0.7730104533627371 -0.6343932841636453 0 0 
44 -0.7475083268625971 -0.6642524379112814 0 0 
45 -0.7208535967029189 -0.6930873625456356 0 0 
46 -0.6930873625456362 -0.7208535967029185 0 0 
47 -0.664252437911282 -0.7475083268625966 0 0 
48 -0.6343932841636459 -0.7730104533627367 0 0 
49 -0.5555702330196022 -0.8314696123025452 0 0 
50 -0.4713967368259979 -0.8819212643483549 0 0 
51 -0.4364092406733421 -0.8997482840522214 0 0 
52 -0.4007488331031408 -0.916187957117136 0 0 
53 -0.3644704998791501 -0.9312149347588033 0 0 
54 -0.3276301795616938 -0.9448060464668779 0 0 
55 -0.2902846772544624 -0.9569403357322088 0 0 
56 -0.1950903220161278 -0.9807852804032305 0 0 
57 -0.09801714032956045 -0.9951847266721969 0 0 
58 -0.05887080365118866 -0.9982656101847159 0 0 
59 -0.01963369246062771 -0.9998072404820648 0 0 
60 0.01963369246062823 -0.9998072404820648 0 0 
61 0.05887080365118918 -0.9982656101847159 0 0 
62 0.09801714032956096 -0.9951847266721968 0 0 
63 0.1950903220161283 -0.9807852804032304 0 0 
64 0.2902846772544621 -0.9569403357322089 0 0 
65 0.3276301795616934 -0.944806046466878 0 0 
66 0.3644704998791498 -0.9312149347588035 0 0 
67 0.4007488331031405 -0.9161879571171361 0 0 
68 0.4364092406733418 -0.8997482840522216 0 0 
69 0.4713967368259976 -0.881921264348355 0 0 
70 0.5555702330196018 -0.8314696123025455 0 0 
71 0.6343932841636449 -0.7730104533627374 0 0 
72 0.6642524379112813 -0.7475083268625972 0 0 
73 0.6930873625456356 -0.720853596702919 0 0 
74 0.7208535967029182 -0.6930873625456366 0 0 
75 0.7475083268625963 -0.6642524379112823 0 0 
76 0.7730104533627367 -0.6343932841636459 0 0 
77 0.8314696123025452 -0.5555702330196022 0 0 
78 0.8819212643483548 -0.4713967368259979 0 0 
79 0.8997482840522214 -0.4364092406733422 0 0 
80 0.916187957117136 -0.4007488331031409 0 0 
81 0.9312149347588033 -0.3644704998791502 0 0 
82 0.9448060464668779 -0.3276301795616938 0 0 
83 0.9569403357322088 -0.2902846772544625 0 0 
84 0.9807852804032305 -0.1950903220161279 0 0 
85 0.9951847266721969 -0.09801714032956051 0 0 
86 0.9982656101847159 -0.05887080365118872 0 0 
87 0.9998072404820648 -0.01963369246062777 0 0 
88 0.9998072404820648 0.01963369246062817 0 0 
89 0.9982656101847159 0.05887080365118912 0 0 
90 0.9951847266721968 0.09801714032956091 0 0 
91 0.9807852804032303 0.1950903220161291 0 0 
92 0.9569403357322087 0.2902846772544629 0 0 
93 0.9448060464668778 0.3276301795616942 0 0 
94 0.9312149347588032 0.3644704998791505 0 0 
95 0.9161879571171357 0.4007488331031412 0 0 
96 0.8997482840522212 0.4364092406733425 0 0 
97 0.8819212643483547 0.4713967368259983 0 0 
98 0.8314696123025455 0.5555702330196018 0 0 
99 0.7730104533627374 0.6343932841636448 0 0 
100 0.7475083268625972 0.6642524379112813 0 0 
101 0.720853596702919 0.6930873625456356 0 0 
102 0.6930873625456366 0.720853596702918 0 0 
103 0.6642524379112823 0.7475083268625963 0 0 
104 0.6343932841636459 0.7730104533627365 0 0 
105 0.5555702330196023 0.8314696123025452 0 0 
106 0.471396736825998 0.8819212643483548 0 0 
107 0.4364092406733422 0.8997482840522214 0 0 
108 0.4007488331031409 0.916187957117136 0 0 
109 0.3644704998791503 0.9312149347588033 0 0 
110 0.3276301795616939 0.9448060464668779 0 0 
111 0.2902846772544626 0.9569403357322088 0 0 
112 0.1950903220161279 0.9807852804032305 0 0 
113 -0.1 0.1 0 0 
114 0.1 0.1 0 0 
115 -0.1 -0.1 0 0 
116 0.1 -0.1 0 0 
1 0.0588707036511892 0.9951846266721969 -1e-07 0.09801724032956077 0.9982657101847159 1e-07 1 2 2 1 -2 
2 0.01963359246062847 0.998265510184716 -1e-07 0.05887090365118921 0.9998073404820648 1e-07 1 2 2 2 -3 
3 -0.01963379246062813 0.9998071404820649 -1e-07 0.01963379246062847 0.9998073404820648 1e-07 1 2 2 3 -4 
4 -0.05887090365118886 0.998265510184716 -1e-07 -0.01963359246062813 0.9998073404820648 1e-07 1 2 2 4 -5 
5 -0.09801724032956043 0.995184626672197 -1e-07 -0.05887070365118886 0.9982657101847159 1e-07 1 2 2 5 -6 
6 -0.195090422016128 0.9807851804032306 -1e-07 -0.09801704032956042 0.9951848266721969 1e-07 1 18 2 6 -7 
7 -0.2902847772544622 0.956940235732209 -1e-07 -0.195090222016128 0.9807853804032305 1e-07 1 18 2 7 -8 
8 -0.3276302795616933 0.9448059464668781 -1e-07 -0.2902845772544622 0.9569404357322089 1e-07 1 3 2 8 -9 
9 -0.3644705998791495 0.9312148347588037 -1e-07 -0.3276300795616933 0.944806146466878 1e-07 1 3 2 9 -10 
10 -0.400748933103141 0.9161878571171359 -1e-07 -0.3644703998791495 0.9312150347588036 1e-07 1 3 2 10 -11 
11 -0.4364093406733419 0.8997481840522216 -1e-07 -0.400748733103141 0.9161880571171358 1e-07 1 3 2 11 -12 
12 -0.4713968368259977 0.8819211643483551 -1e-07 -0.4364091406733419 0.8997483840522215 1e-07 1 3 2 12 -13 
13 -0.5555703330196019 0.8314695123025455 -1e-07 -0.4713966368259977 0.881921364348355 1e-07 1 18 2 13 -14 
14 -0.6343933841636453 0.7730103533627372 -1e-07 -0.555570133019602 0.8314697123025454 1e-07 1 18 2 14 -15 
15 -0.6642525379112814 0.7475082268625971 -1e-07 -0.6343931841636454 0.7730105533627371 1e-07 1 4 2 15 -16 
16 -0.6930874625456357 0.720853496702919 -1e-07 -0.6642523379112815 0.747508426862597 1e-07 1 4 2 16 -17 
17 -0.7208536967029184 0.6930872625456362 -1e-07 -0.6930872625456358 0.7208536967029189 1e-07 1 4 2 17 -18 
18 -0.7475084268625966 0.6642523379112819 -1e-07 -0.7208534967029185 0.6930874625456361 1e-07 1 4 2 18 -19 
19 -0.7730105533627366 0.6343931841636459 -1e-07 -0.7475082268625967 0.6642525379112818 1e-07 1 4 2 19 -20 
20 -0.831469712302545 0.5555701330196026 -1e-07 -0.7730103533627367 0.6343933841636458 1e-07 1 18 2 20 -21 
21 -0.8819213643483549 0.4713966368259979 -1e-07 -0.8314695123025451 0.5555703330196025 1e-07 1 18 2 21 -22 
22 -0.8997483840522215 0.4364091406733421 -1e-07 -0.881921164348355 0.4713968368259979 1e-07 1 5 2 22 -23 
23 -0.9161880571171358 0.4007487331031412 -1e-07 -0.8997481840522216 0.4364093406733421 1e-07 1 5 2 23 -24 
24 -0.9312150347588035 0.3644703998791496 -1e-07 -0.9161878571171359 0.4007489331031412 1e-07 1 5 2 24 -25 
25 -0.9448061464668779 0.3276300795616937 -1e-07 -0.9312148347588036 0.3644705998791496 1e-07 1 5 2 25 -26 
26 -0.9569404357322088 0.2902845772544624 -1e-07 -0.944805946466878 0.3276302795616937 1e-07 1 5 2 26 -27 
27 -0.9807853804032304 0.1950902220161286 -1e-07 -0.9569402357322089 0.2902847772544624 1e-07 1 18 2 27 -28 
28 -0.9951848266721968 0.09801704032956082 -1e-07 -0.9807851804032305 0.1950904220161286 1e-07 1 18 2 28 -29 
29 -0.9982657101847158 0.05887070365118949 -1e-07 -0.9951846266721969 0.09801724032956083 1e-07 1 6 2 29 -30 
30 -0.9998073404820648 0.01963359246062853 -1e-07 -0.9982655101847159 0.05887090365118949 1e-07 1 6 2 30 -31 
31 -0.9998073404820648 -0.01963379246062785 -1e-07 -0.9998071404820649 0.01963379246062853 1e-07 1 6 2 31 -32 
32 -0.9998073404820648 -0.0588709036511888 -1e-07 -0.998265510184716 -0.01963359246062785 1e-07 1 6 2 32 -33 
33 -0.9982657101847159 -0.09801724032956015 -1e-07 -0.995184626672197 -0.05887070365118879 1e-07 1 6 2 33 -34 
34 -0.9951848266721969 -0.1950904220161279 -1e-07 -0.9807851804032306 -0.09801704032956014 1e-07 1 18 2 34 -35 
35 -0.9807853804032305 -0.2902847772544621 -1e-07 -0.956940235732209 -0.1950902220161279 1e-07 1 18 2 35 -36 
36 -0.9569404357322089 -0.3276302795616935 -1e-07 -0.9448059464668781 -0.2902845772544621 1e-07 1 7 2 36 -37 
37 -0.944806146466878 -0.3644705998791494 -1e-07 -0.9312148347588037 -0.3276300795616935 1e-07 1 7 2 37 -38 
38 -0.9312150347588036 -0.4007489331031409 -1e-07 -0.916187857117136 -0.3644703998791494 1e-07 1 7 2 38 -39 
39 -0.9161880571171359 -0.4364093406733419 -1e-07 -0.8997481840522216 -0.4007487331031409 1e-07 1 7 2 39 -40 
40 -0.8997483840522215 -0.4713968368259976 -1e-07 -0.8819211643483551 -0.4364091406733419 1e-07 1 7 2 40 -41 
41 -0.881921364348355 -0.5555703330196019 -1e-07 -0.8314695123025455 -0.4713966368259976 1e-07 1 18 2 41 -42 
42 -0.8314697123025454 -0.6343933841636452 -1e-07 -0.7730103533627372 -0.555570133019602 1e-07 1 18 2 42 -43 
43 -0.7730105533627371 -0.6642525379112814 -1e-07 -0.7475082268625971 -0.6343931841636453 1e-07 1 8 2 43 -44 
44 -0.747508426862597 -0.6930874625456356 -1e-07 -0.720853496702919 -0.6642523379112815 1e-07 1 8 2 44 -45 
45 -0.7208536967029189 -0.7208536967029184 -1e-07 -0.6930872625456362 -0.6930872625456357 1e-07 1 8 2 45 -46 
46 -0.6930874625456361 -0.7475084268625966 -1e-07 -0.664252337911282 -0.7208534967029185 1e-07 1 8 2 46 -47 
47 -0.6642525379112819 -0.7730105533627366 -1e-07 -0.634393184163646 -0.7475082268625967 1e-07 1 8 2 47 -48 
48 -0.6343933841636459 -0.8314697123025452 -1e-07 -0.5555701330196022 -0.7730103533627367 1e-07 1 18 2 48 -49 
49 -0.5555703330196021 -0.8819213643483549 -1e-07 -0.4713966368259979 -0.8314695123025453 1e-07 1 18 2 49 -50 
50 -0.4713968368259979 -0.8997483840522214 -1e-07 -0.4364091406733421 -0.881921164348355 1e-07 1 9 2 50 -51 
51 -0.4364093406733421 -0.9161880571171359 -1e-07 -0.4007487331031408 -0.8997481840522215 1e-07 1 9 2 51 -52 
52 -0.4007489331031408 -0.9312150347588033 -1e-07 -0.3644703998791501 -0.916187857117136 1e-07 1 9 2 52 -53 
53 -0.3644705998791501 -0.9448061464668779 -1e-07 -0.3276300795616938 -0.9312148347588034 1e-07 1 9 2 53 -54 
54 -0.3276302795616938 -0.9569404357322088 -1e-07 -0.2902845772544624 -0.944805946466878 1e-07 1 9 2 54 -55 
55 -0.2902847772544624 -0.9807853804032305 -1e-07 -0.1950902220161278 -0.9569402357322089 1e-07 1 18 2 55 -56 
56 -0.1950904220161278 -0.9951848266721969 -1e-07 -0.09801704032956045 -0.9807851804032306 1e-07 1 18 2 56 -57 
57 -0.09801724032956045 -0.9982657101847159 -1e-07 -0.05887070365118866 -0.995184626672197 1e-07 1 10 2 57 -58 
58 -0.05887090365118867 -0.9998073404820648 -1e-07 -0.0196335924606277 -0.998265510184716 1e-07 1 10 2 58 -59 
59 -0.01963379246062771 -0.9998073404820648 -1e-07 0.01963379246062823 -0.9998071404820649 1e-07 1 10 2 59 -60 
60 0.01963359246062823 -0.9998073404820648 -1e-07 0.05887090365118917 -0.998265510184716 1e-07 1 10 2 60 -61 
61 0.05887070365118918 -0.9982657101847159 -1e-07 0.09801724032956097 -0.9951846266721969 1e-07 1 10 2 61 -62 
62 0.09801704032956096 -0.9951848266721968 -1e-07 0.1950904220161283 -0.9807851804032305 1e-07 1 18 2 62 -63 
63 0.1950902220161283 -0.9807853804032304 -1e-07 0.2902847772544621 -0.956940235732209 1e-07 1 18 2 63 -64 
64 0.2902845772544621 -0.9569404357322089 -1e-07 0.3276302795616934 -0.9448059464668781 1e-07 1 11 2 64 -65 
65 0.3276300795616934 -0.944806146466878 -1e-07 0.3644705998791498 -0.9312148347588035 1e-07 1 11 2 65 -66 
66 0.3644703998791498 -0.9312150347588034 -1e-07 0.4007489331031405 -0.9161878571171361 1e-07 1 11 2 66 -67 
67 0.4007487331031405 -0.916188057117136 -1e-07 0.4364093406733418 -0.8997481840522217 1e-07 1 11 2 67 -68 
68 0.4364091406733418 -0.8997483840522216 -1e-07 0.4713968368259976 -0.8819211643483551 1e-07 1 11 2 68 -69 
69 0.4713966368259976 -0.881921364348355 -1e-07 0.5555703330196018 -0.8314695123025455 1e-07 1 18 2 69 -70 
70 0.5555701330196019 -0.8314697123025454 -1e-07 0.6343933841636449 -0.7730103533627375 1e-07 1 18 2 70 -71 
71 0.634393184163645 -0.7730105533627374 -1e-07 0.6642525379112812 -0.7475082268625972 1e-07 1 12 2 71 -72 
72 0.6642523379112814 -0.7475084268625971 -1e-07 0.6930874625456356 -0.7208534967029191 1e-07 1 12 2 72 -73 
73 0.6930872625456357 -0.720853696702919 -1e-07 0.7208536967029181 -0.6930872625456367 1e-07 1 12 2 73 -74 
74 0.7208534967029182 -0.6930874625456366 -1e-07 0.7475084268625962 -0.6642523379112824 1e-07 1 12 2 74 -75 
75 0.7475082268625963 -0.6642525379112822 -1e-07 0.7730105533627366 -0.634393184163646 1e-07 1 12 2 75 -76 
76 0.7730103533627367 -0.6343933841636459 -1e-07 0.8314697123025452 -0.5555701330196022 1e-07 1 18 2 76 -77 
77 0.8314695123025453 -0.5555703330196021 -1e-07 0.8819213643483548 -0.4713966368259979 1e-07 1 18 2 77 -78 
78 0.8819211643483549 -0.4713968368259979 -1e-07 0.8997483840522214 -0.4364091406733422 1e-07 1 13 2 78 -79 
79 0.8997481840522215 -0.4364093406733422 -1e-07 0.9161880571171359 -0.4007487331031409 1e-07 1 13 2 79 -80 
80 0.916187857117136 -0.4007489331031409 -1e-07 0.9312150347588033 -0.3644703998791502 1e-07 1 13 2 80 -81 
81 0.9312148347588034 -0.3644705998791502 -1e-07 0.9448061464668779 -0.3276300795616938 1e-07 1 13 2 81 -82 
82 0.944805946466878 -0.3276302795616938 -1e-07 0.9569404357322088 -0.2902845772544625 1e-07 1 13 2 82 -83 
83 0.9569402357322089 -0.2902847772544625 -1e-07 0.9807853804032305 -0.1950902220161279 1e-07 1 18 2 83 -84 
84 0.9807851804032306 -0.1950904220161279 -1e-07 0.9951848266721969 -0.0980170403295605 1e-07 1 18 2 84 -85 
85 0.995184626672197 -0.09801724032956051 -1e-07 0.9982657101847159 -0.05887070365118872 1e-07 1 14 2 85 -86 
86 0.998265510184716 -0.05887090365118872 -1e-07 0.9998073404820648 -0.01963359246062777 1e-07 1 14 2 86 -87 
87 0.9998071404820649 -0.01963379246062777 -1e-07 0.9998073404820648 0.01963379246062816 1e-07 1 14 2 87 -88 
88 0.998265510184716 0.01963359246062817 -1e-07 0.9998073404820648 0.05887090365118913 1e-07 1 14 2 88 -89 
89 0.9951846266721969 0.05887070365118912 -1e-07 0.9982657101847159 0.09801724032956091 1e-07 1 14 2 89 -90 
90 0.9807851804032304 0.09801704032956091 -1e-07 0.9951848266721968 0.1950904220161291 1e-07 1 18 2 90 -91 
91 0.9569402357322088 0.1950902220161291 -1e-07 0.9807853804032303 0.2902847772544629 1e-07 1 18 2 91 -92 
92 0.9448059464668779 0.2902845772544629 -1e-07 0.9569404357322087 0.3276302795616942 1e-07 1 15 2 92 -93 
93 0.9312148347588033 0.3276300795616942 -1e-07 0.9448061464668778 0.3644705998791505 1e-07 1 15 2 93 -94 
94 0.9161878571171358 0.3644703998791505 -1e-07 0.9312150347588032 0.4007489331031412 1e-07 1 15 2 94 -95 
95 0.8997481840522212 0.4007487331031412 -1e-07 0.9161880571171357 0.4364093406733425 1e-07 1 15 2 95 -96 
96 0.8819211643483548 0.4364091406733425 -1e-07 0.8997483840522211 0.4713968368259983 1e-07 1 15 2 96 -97 
97 0.8314695123025455 0.4713966368259983 -1e-07 0.8819213643483547 0.5555703330196018 1e-07 1 18 2 97 -98 
98 0.7730103533627375 0.5555701330196019 -1e-07 0.8314697123025454 0.6343933841636448 1e-07 1 18 2 98 -99 
99 0.7475082268625972 0.6343931841636449 -1e-07 0.7730105533627374 0.6642525379112812 1e-07 1 16 2 99 -100 
100 0.7208534967029191 0.6642523379112814 -1e-07 0.7475084268625971 0.6930874625456356 1e-07 1 16 2 100 -101 
101 0.6930872625456367 0.6930872625456357 -1e-07 0.720853696702919 0.720853696702918 1e-07 1 16 2 101 -102 
102 0.6642523379112824 0.7208534967029181 -1e-07 0.6930874625456366 0.7475084268625962 1e-07 1 16 2 102 -103 
103 0.634393184163646 0.7475082268625963 -1e-07 0.6642525379112822 0.7730105533627365 1e-07 1 16 2 103 -104 
104 0.5555701330196023 0.7730103533627366 -1e-07 0.6343933841636459 0.8314697123025452 1e-07 1 18 2 104 -105 
105 0.471396636825998 0.8314695123025453 -1e-07 0.5555703330196022 0.8819213643483548 1e-07 1 18 2 105 -106 
106 0.4364091406733422 0.8819211643483549 -1e-07 0.471396836825998 0.8997483840522214 1e-07 1 17 2 106 -107 
107 0.4007487331031409 0.8997481840522215 -1e-07 0.4364093406733422 0.9161880571171359 1e-07 1 17 2 107 -108 
108 0.3644703998791503 0.916187857117136 -1e-07 0.4007489331031409 0.9312150347588033 1e-07 1 17 2 108 -109 
109 0.3276300795616939 0.9312148347588034 -1e-07 0.3644705998791503 0.9448061464668779 1e-07 1 17 2 109 -110 
110 0.2902845772544626 0.944805946466878 -1e-07 0.3276302795616939 0.9569404357322088 1e-07 1 17 2 110 -111 
111 0.1950902220161279 0.9569402357322089 -1e-07 0.2902847772544626 0.9807853804032305 1e-07 1 18 2 111 -112 
112 0.09801704032956077 0.9807851804032306 -1e-07 0.1950904220161279 0.9951848266721968 1e-07 1 18 2 112 -1 
1 -0.9998073404820648 -0.9998073404820648 -1e-07 0.9998073404820648 0.9998073404820648 1e-07 1 1 112 1 2 3 4 5 6 7 8 9 10 11 12 13 14 15 16 17 18 19 20 21 22 23 24 25 26 27 28 29 30 31 32 33 34 35 36 37 38 39 40 41 42 43 44 45 46 47 48 49 50 51 52 53 54 55 56 57 58 59 60 61 62 63 64 65 66 67 68 69 70 71 72 73 74 75 76 77 78 79 80 81 82 83 84 85 86 87 88 89 90 91 92 93 94 95 96 97 98 99 100 101 102 103 104 105 106 107 108 109 110 111 112 
$EndEntities
$Nodes
229 1989 1 1989
0 1 0 1
1
0.09801714032956077 0.9951847266721968 0
0 2 0 1
2
0.05887080365118921 0.9982656101847159 0
0 3 0 1
3
0.01963369246062847 0.9998072404820648 0
0 4 0 1
4
-0.01963369246062813 0.9998072404820648 0
0 5 0 1
5
-0.05887080365118886 0.9982656101847159 0
0 6 0 1
6
-0.09801714032956042 0.9951847266721969 0
0 7 0 1
7
-0.195090322016128 0.9807852804032305 0
0 8 0 1
8
-0.2902846772544622 0.9569403357322089 0
0 9 0 1
9
-0.3276301795616933 0.944806046466878 0
0 10 0 1
10
-0.3644704998791495 0.9312149347588037 0
0 11 0 1
11
-0.400748833103141 0.9161879571171359 0
0 12 0 1
12
-0.4364092406733419 0.8997482840522215 0
0 13 0 1
13
-0.4713967368259977 0.881921264348355 0
0 14 0 1
14
-0.555570233019602 0.8314696123025455 0
0 15 0 1
15
-0.6343932841636454 0.7730104533627371 0
0 16 0 1
16
-0.6642524379112814 0.7475083268625971 0
0 17 0 1
17
-0.6930873625456357 0.7208535967029189 0
0 18 0 1
18
-0.7208535967029185 0.6930873625456362 0
0 19 0 1
19
-0.7475083268625966 0.6642524379112819 0
0 20 0 1
20
-0.7730104533627367 0.6343932841636458 0
0 21 0 1
21
-0.831469612302545 0.5555702330196025 0
0 22 0 1
22
-0.8819212643483549 0.4713967368259979 0
0 23 0 1
23
-0.8997482840522215 0.4364092406733421 0
0 24 0 1
24
-0.9161879571171359 0.4007488331031412 0
0 25 0 1
25
-0.9312149347588036 0.3644704998791496 0
0 26 0 1
26
-0.9448060464668779 0.3276301795616937 0
0 27 0 1
27
-0.9569403357322088 0.2902846772544624 0
0 28 0 1
28
-0.9807852804032304 0.1950903220161286 0
0 29 0 1
29
-0.9951847266721968 0.09801714032956083 0
0 30 0 1
30
-0.9982656101847158 0.05887080365118949 0
0 31 0 1
31
-0.9998072404820648 0.01963369246062853 0
0 32 0 1
32
-0.9998072404820648 -0.01963369246062785 0
0 33 0 1
33
-0.9982656101847159 -0.0588708036511888 0
0 34 0 1
34
-0.9951847266721969 -0.09801714032956015 0
0 35 0 1
35
-0.9807852804032305 -0.1950903220161279 0
0 36 0 1
36
-0.9569403357322089 -0.2902846772544621 0
0 37 0 1
37
-0.944806046466878 -0.3276301795616935 0
0 38 0 1
38
-0.9312149347588037 -0.3644704998791494 0
0 39 0 1
39
-0.916187957117136 -0.4007488331031409 0
0 40 0 1
40
-0.8997482840522215 -0.4364092406733419 0
0 41 0 1
41
-0.881921264348355 -0.4713967368259976 0
0 42 0 1
42
-0.8314696123025455 -0.555570233019602 0
0 43 0 1
43
-0.7730104533627371 -0.6343932841636453 0
0 44 0 1
44
-0.7475083268625971 -0.6642524379112814 0
0 45 0 1
45
-0.7208535967029189 -0.6930873625456356 0
0 46 0 1
46
-0.6930873625456362 -0.7208535967029185 0
0 47 0 1
47
-0.664252437911282 -0.7475083268625966 0
0 48 0 1
48
-0.6343932841636459 -0.7730104533627367 0
0 49 0 1
49
-0.5555702330196022 -0.8314696123025452 0
0 50 0 1
50
-0.4713967368259979 -0.8819212643483549 0
0 51 0 1
51
-0.4364092406733421 -0.8997482840522214 0
0 52 0 1
52
-0.4007488331031408 -0.916187957117136 0
0 53 0 1
53
-0.3644704998791501 -0.9312149347588033 0
0 54 0 1
54
-0.3276301795616938 -0.9448060464668779 0
0 55 0 1
55
-0.2902846772544624 -0.9569403357322088 0
0 56 0 1
56
-0.1950903220161278 -0.9807852804032305 0
0 57 0 1
57
-0.09801714032956045 -0.9951847266721969 0
0 58 0 1
58
-0.05887080365118866 -0.9982656101847159 0
0 59 0 1
59
-0.01963369246062771 -0.9998072404820648 0
0 60 0 1
60
0.01963369246062823 -0.9998072404820648 0
0 61 0 1
61
0.05887080365118918 -0.9982656101847159 0
0 62 0 1
62
0.09801714032956096 -0.9951847266721968 0
0 63 0 1
63
0.1950903220161283 -0.9807852804032304 0
0 64 0 1
64
0.2902846772544621 -0.9569403357322089 0
0 65 0 1
65
0.3276301795616934 -0.944806046466878 0
0 66 0 1
66
0.3644704998791498 -0.9312149347588035 0
0 67 0 1
67
0.4007488331031405 -0.9161879571171361 0
0 68 0 1
68
0.4364092406733418 -0.8997482840522216 0
0 69 0 1
69
0.4713967368259976 -0.881921264348355 0
0 70 0 1
70
0.5555702330196018 -0.8314696123025455 0
0 71 0 1
71
0.6343932841636449 -0.7730104533627374 0
0 72 0 1
72
0.6642524379112813 -0.7475083268625972 0
0 73 0 1
73
0.6930873625456356 -0.720853596702919 0
0 74 0 1
74
0.7208535967029182 -0.6930873625456366 0
0 75 0 1
75
0.7475083268625963 -0.6642524379112823 0
0 76 0 1
76
0.7730104533627367 -0.6343932841636459 0
0 77 0 1
77
0.8314696123025452 -0.5555702330196022 0
0 78 0 1
78
0.8819212643483548 -0.4713967368259979 0
0 79 0 1
79
0.8997482840522214 -0.4364092406733422 0
0 80 0 1
80
0.916187957117136 -0.4007488331031409 0
0 81 0 1
81
0.9312149347588033 -0.3644704998791502 0
0 82 0 1
82
0.9448060464668779 -0.3276301795616938 0
0 83 0 1
83
0.9569403357322088 -0.2902846772544625 0
0 84 0 1
84
0.9807852804032305 -0.1950903220161279 0
0 85 0 1
85
0.9951847266721969 -0.09801714032956051 0
0 86 0 1
86
0.9982656101847159 -0.05887080365118872 0
0 87 0 1
87
0.9998072404820648 -0.01963369246062777 0
0 88 0 1
88
0.9998072404820648 0.01963369246062817 0
0 89 0 1
89
0.9982656101847159 0.05887080365118912 0
0 90 0 1
90
0.9951847266721968 0.09801714032956091 0
0 91 0 1
91
0.9807852804032303 0.1950903220161291 0
0 92 0 1
92
0.9569403357322087 0.2902846772544629 0
0 93 0 1
93
0.9448060464668778 0.3276301795616942 0
0 94 0 1
94
0.9312149347588032 0.3644704998791505 0
0 95 0 1
95
0.9161879571171357 0.4007488331031412 0
0 96 0 1
96
0.8997482840522212 0.4364092406733425 0
0 97 0 1
97
0.8819212643483547 0.4713967368259983 0
0 98 0 1
98
0.8314696123025455 0.5555702330196018 0
0 99 0 1
99
0.7730104533627374 0.6343932841636448 0
0 100 0 1
100
0.7475083268625972 0.6642524379112813 0
0 101 0 1
101
0.720853596702919 0.6930873625456356 0
0 102 0 1
102
0.6930873625456366 0.720853596702918 0
0 103 0 1
103
0.6642524379112823 0.7475083268625963 0
0 104 0 1
104
0.6343932841636459 0.7730104533627365 0
0 105 0 1
105
0.5555702330196023 0.8314696123025452 0
0 106 0 1
106
0.471396736825998 0.8819212643483548 0
0 107 0 1
107
0.4364092406733422 0.8997482840522214 0
0 108 0 1
108
0.4007488331031409 0.916187957117136 0
0 109 0 1
109
0.3644704998791503 0.9312149347588033 0
0 110 0 1
110
0.3276301795616939 0.9448060464668779 0
0 111 0 1
111
0.2902846772544626 0.9569403357322088 0
0 112 0 1
112
0.1950903220161279 0.9807852804032305 0
0 113 0 1
113
-0.1 0.1 0
0 114 0 1
114
0.1 0.1 0
0 115 0 1
115
-0.1 -0.1 0
0 116 0 1
116
0.1 -0.1 0
1 1 0 0
1 2 0 0
1 3 0 0
1 4 0 0
1 5 0 0
1 6 0 1
117
-0.1465537311728442 0.9879850035377138 0
1 7 0 1
118
-0.2426874996352951 0.9688628080677197 0
1 8 0 0
1 9 0 0
1 10 0 0
1 11 0 0
1 12 0 0
1 13 0 1
119
-0.5134834849227998 0.8566954383254503 0
1 14 0 1
120
-0.5949817585916237 0.8022400328326412 0
1 15 0 0
1 16 0 0
1 17 0 0
1 18 0 0
1 19 0 0
1 20 0 1
121
-0.8022400328326409 0.5949817585916242 0
1 21 0 1
122
-0.85669543832545 0.5134834849228002 0
1 22 0 0
1 23 0 0
1 24 0 0
1 25 0 0
1 26 0 0
1 27 0 1
123
-0.9688628080677196 0.2426874996352955 0
1 28 0 1
124
-0.9879850035377137 0.1465537311728447 0
1 29 0 0
1 30 0 0
1 31 0 0
1 32 0 0
1 33 0 0
1 34 0 1
125
-0.9879850035377137 -0.146553731172844 0
1 35 0 1
126
-0.9688628080677197 -0.242687499635295 0
1 36 0 0
1 37 0 0
1 38 0 0
1 39 0 0
1 40 0 0
1 41 0 1
127
-0.8566954383254503 -0.5134834849227998 0
1 42 0 1
128
-0.8022400328326412 -0.5949817585916236 0
1 43 0 0
1 44 0 0
1 45 0 0
1 46 0 0
1 47 0 0
1 48 0 1
129
-0.5949817585916241 -0.802240032832641 0
1 49 0 1
130
-0.5134834849228 -0.85669543832545 0
1 50 0 0
1 51 0 0
1 52 0 0
1 53 0 0
1 54 0 0
1 55 0 1
131
-0.2426874996352951 -0.9688628080677197 0
1 56 0 1
132
-0.1465537311728441 -0.9879850035377137 0
1 57 0 0
1 58 0 0
1 59 0 0
1 60 0 0
1 61 0 0
1 62 0 1
133
0.1465537311728446 -0.9879850035377136 0
1 63 0 1
134
0.2426874996352952 -0.9688628080677197 0
1 64 0 0
1 65 0 0
1 66 0 0
1 67 0 0
1 68 0 0
1 69 0 1
135
0.5134834849227997 -0.8566954383254503 0
1 70 0 1
136
0.5949817585916234 -0.8022400328326414 0
1 71 0 0
1 72 0 0
1 73 0 0
1 74 0 0
1 75 0 0
1 76 0 1
137
0.802240032832641 -0.5949817585916241 0
1 77 0 1
138
0.85669543832545 -0.5134834849228 0
1 78 0 0
1 79 0 0
1 80 0 0
1 81 0 0
1 82 0 0
1 83 0 1
139
0.9688628080677197 -0.2426874996352952 0
1 84 0 1
140
0.9879850035377138 -0.1465537311728442 0
1 85 0 0
1 86 0 0
1 87 0 0
1 88 0 0
1 89 0 0
1 90 0 1
141
0.9879850035377136 0.146553731172845 0
1 91 0 1
142
0.9688628080677195 0.242687499635296 0
1 92 0 0
1 93 0 0
1 94 0 0
1 95 0 0
1 96 0 0
1 97 0 1
143
0.8566954383254501 0.5134834849228 0
1 98 0 1
144
0.8022400328326414 0.5949817585916233 0
1 99 0 0
1 100 0 0
1 101 0 0
1 102 0 0
1 103 0 0
1 104 0 1
145
0.5949817585916241 0.8022400328326409 0
1 105 0 1
146
0.5134834849228002 0.85669543832545 0
1 106 0 0
1 107 0 0
1 108 0 0
1 109 0 0
1 110 0 0
1 111 0 1
147
0.2426874996352952 0.9688628080677197 0
1 112 0 1
148
0.1465537311728443 0.9879850035377137 0
2 1 0 1841
149
150
151
152
153
154
155
156
157
158
159
160
161
162
163
164
165
166
167
168
169
170
171
172
173
174
175
176
177
178
179
180
181
182
183
184
185
186
187
188
189
190
191
192
193
194
195
196
197
198
199
200
201
202
203
204
205
206
207
208
209
210
211
212
213
214
215
216
217
218
219
220
221
222
223
224
225
226
227
228
229
230
231
232
233
234
235
236
237
238
239
240
241
242
243
244
245
246
247
248
249
250
251
252
253
254
255
256
257
258
259
260
261
262
263
264
265
266
267
268
269
270
271
272
273
274
275
276
277
278
279
280
281
282
283
284
285
286
287
288
289
290
291
292
293
294
295
296
297
298
299
300
301
302
303
304
305
306
307
308
309
310
311
312
313
314
315
316
317
318
319
320
321
322
323
324
325
326
327
328
329
330
331
332
333
334
335
336
337
338
339
340
341
342
343
344
345
346
347
348
349
350
351
352
353
354
355
356
357
358
359
360
361
362
363
364
365
366
367
368
369
370
371
372
373
374
375
376
377
378
379
380
381
382
383
384
385
386
387
388
389
390
391
392
393
394
395
396
397
398
399
400
401
402
403
404
405
406
407
408
409
410
411
412
413
414
415
416
417
418
419
420
421
422
423
424
425
426
427
428
429
430
431
432
433
434
435
436
437
438
439
440
441
442
443
444
445
446
447
448
449
450
451
452
453
454
455
456
457
458
459
460
461
462
463
464
465
466
467
468
469
470
471
472
473
474
475
476
477
478
479
480
481
482
483
484
485
486
487
488
489
490
491
492
493
494
495
496
497
498
499
500
501
502
503
504
505
506
507
508
509
510
511
512
513
514
515
516
517
518
519
520
521
522
523
524
525
526
527
528
529
530
531
532
533
534
535
536
537
538
539
540
541
542
543
544
545
546
547
548
549
550
551
552
553
554
555
556
557
558
559
560
561
562
563
564
565
566
567
568
569
570
571
572
573
574
575
576
577
578
579
580
581
582
583
584
585
586
587
588
589
590
591
592
593
594
595
596
597
598
599
600
601
602
603
604
605
606
607
608
609
610
611
612
613
614
615
616
617
618
619
620
621
622
623
624
625
626
627
628
629
630
631
632
633
634
635
636
637
638
639
640
641
642
643
644
645
646
647
648
649
650
651
652
653
654
655
656
657
658
659
660
661
662
663
664
665
666
667
668
669
670
671
672
673
674
675
676
677
678
679
680
681
682
683
684
685
686
687
688
689
690
691
692
693
694
695
696
697
698
699
700
701
702
703
704
705
706
707
708
709
710
711
712
713
714
715
716
717
718
719
720
721
722
723
724
725
726
727
728
729
730
731
732
733
734
735
736
737
738
739
740
741
742
743
744
745
746
747
748
749
750
751
752
753
754
755
756
757
758
759
760
761
762
763
764
765
766
767
768
769
770
771
772
773
774
775
776
777
778
779
780
781
782
783
784
785
786
787
788
789
790
791
792
793
794
795
796
797
798
799
800
801
802
803
804
805
806
807
808
809
810
811
812
813
814
815
816
817
818
819
820
821
822
823
824
825
826
827
828
829
830
831
832
833
834
835
836
837
838
839
840
841
842
843
844
845
846
847
848
849
850
851
852
853
854
855
856
857
858
859
860
861
862
863
864
865
866
867
868
869
870
871
872
873
874
875
876
877
878
879
880
881
882
883
884
885
886
887
888
889
890
891
892
893
894
895
896
897
898
899
900
901
902
903
904
905
906
907
908
909
910
911
912
913
914
915
916
917
918
919
920
921
922
923
924
925
926
927
928
929
930
931
932
933
934
935
936
937
938
939
940
941
942
943
944
945
946
947
948
949
950
951
952
953
954
955
956
957
958
959
960
961
962
963
964
965
966
967
968
969
970
971
972
973
974
975
976
977
978
979
980
981
982
983
984
985
986
987
988
989
990
991
992
993
994
995
996
997
998
999
1000
1001
1002
1003
1004
1005
1006
1007
1008
1009
1010
1011
1012
1013
1014
1015
1016
1017
1018
1019
1020
1021
1022
1023
1024
1025
1026
1027
1028
1029
1030
1031
1032
1033
1034
1035
1036
1037
1038
1039
1040
1041
1042
1043
1044
1045
1046
1047
1048
1049
1050
1051
1052
1053
1054
1055
1056
1057
1058
1059
1060
1061
1062
1063
1064
1065
1066
1067
1068
1069
1070
1071
1072
1073
1074
1075
1076
1077
1078
1079
1080
1081
1082
1083
1084
1085
1086
1087
1088
1089
1090
1091
1092
1093
1094
1095
1096
1097
1098
1099
1100
1101
1102
1103
1104
1105
1106
1107
1108
1109
1110
1111
1112
1113
1114
1115
1116
1117
1118
1119
1120
1121
1122
1123
1124
1125
1126
1127
1128
1129
1130
1131
1132
1133
1134
1135
1136
1137
1138
1139
1140
1141
1142
1143
1144
1145
1146
1147
1148
1149
1150
1151
1152
1153
1154
1155
1156
1157
1158
1159
1160
1161
1162
1163
1164
1165
1166
1167
1168
1169
1170
1171
1172
1173
1174
1175
1176
1177
1178
1179
1180
1181
1182
1183
1184
1185
1186
1187
1188
1189
1190
1191
1192
1193
1194
1195
1196
1197
1198
1199
1200
1201
1202
1203
1204
1205
1206
1207
1208
1209
1210
1211
1212
1213
1214
1215
1216
1217
1218
1219
1220
1221
1222
1223
1224
1225
1226
1227
1228
1229
1230
1231
1232
1233
1234
1235
1236
1237
1238
1239
1240
1241
1242
1243
1244
1245
1246
1247
1248
1249
1250
1251
1252
1253
1254
1255
1256
1257
1258
1259
1260
1261
1262
1263
1264
1265
1266
1267
1268
1269
1270
1271
1272
1273
1274
1275
1276
1277
1278
1279
1280
1281
1282
1283
1284
1285
1286
1287
1288
1289
1290
1291
1292
1293
1294
1295
1296
1297
1298
1299
1300
1301
1302
1303
1304
1305
1306
1307
1308
1309
1310
1311
1312
1313
1314
1315
1316
1317
1318
1319
1320
1321
1322
1323
1324
1325
1326
1327
1328
1329
1330
1331
1332
1333
1334
1335
1336
1337
1338
1339
1340
1341
1342
1343
1344
1345
1346
1347
1348
1349
1350
1351
1352
1353
1354
1355
1356
1357
1358
1359
1360
1361
1362
1363
1364
1365
1366
1367
1368
1369
1370
1371
1372
1373
1374
1375
1376
1377
1378
1379
1380
1381
1382
1383
1384
1385
1386
1387
1388
1389
1390
1391
1392
1393
1394
1395
1396
1397
1398
1399
1400
1401
1402
1403
1404
1405
1406
1407
1408
1409
1410
1411
1412
1413
1414
1415
1416
1417
1418
1419
1420
1421
1422
1423
1424
1425
1426
1427
1428
1429
1430
1431
1432
1433
1434
1435
1436
1437
1438
1439
1440
1441
1442
1443
1444
1445
1446
1447
1448
1449
1450
1451
1452
1453
1454
1455
1456
1457
1458
1459
1460
1461
1462
1463
1464
1465
1466
1467
1468
1469
1470
1471
1472
1473
1474
1475
1476
1477
1478
1479
1480
1481
1482
1483
1484
1485
1486
1487
1488
1489
1490
1491
1492
1493
1494
1495
1496
1497
1498
1499
1500
1501
1502
1503
1504
1505
1506
1507
1508
1509
1510
1511
1512
1513
1514
1515
1516
1517
1518
1519
1520
1521
1522
1523
1524
1525
1526
1527
1528
1529
1530
1531
1532
1533
1534
1535
1536
1537
1538
1539
1540
1541
1542
1543
1544
1545
1546
1547
1548
1549
1550
1551
1552
1553
1554
1555
1556
1557
1558
1559
1560
1561
1562
1563
1564
1565
1566
1567
1568
1569
1570
1571
1572
1573
1574
1575
1576
1577
1578
1579
1580
1581
1582
1583
1584
1585
1586
1587
1588
1589
1590
1591
1592
1593
1594
1595
1596
1597
1598
1599
1600
1601
1602
1603
1604
1605
1606
1607
1608
1609
1610
1611
1612
1613
1614
1615
1616
1617
1618
1619
1620
1621
1622
1623
1624
1625
1626
1627
1628
1629
1630
1631
1632
1633
1634
1635
1636
1637
1638
1639
1640
1641
1642
1643
1644
1645
1646
1647
1648
1649
1650
1651
1652
1653
1654
1655
1656
1657
1658
1659
1660
1661
1662
1663
1664
1665
1666
1667
1668
1669
1670
1671
1672
1673
1674
1675
1676
1677
1678
1679
1680
1681
1682
1683
1684
1685
1686
1687
1688
1689
1690
1691
1692
1693
1694
1695
1696
1697
1698
1699
1700
1701
1702
1703
1704
1705
1706
1707
1708
1709
1710
1711
1712
1713
1714
1715
1716
1717
1718
1719
1720
1721
1722
1723
1724
1725
1726
1727
1728
1729
1730
1731
1732
1733
1734
1735
1736
1737
1738
1739
1740
1741
1742
1743
1744
1745
1746
1747
1748
1749
1750
1751
1752
1753
1754
1755
1756
1757
1758
1759
1760
1761
1762
1763
1764
1765
1766
1767
1768
1769
1770
1771
1772
1773
1774
1775
1776
1777
1778
1779
1780
1781
1782
1783
1784
1785
1786
1787
1788
1789
1790
1791
1792
1793
1794
1795
1796
1797
1798
1799
1800
1801
1802
1803
1804
1805
1806
1807
1808
1809
1810
1811
1812
1813
1814
1815
1816
1817
1818
1819
1820
1821
1822
1823
1824
1825
1826
1827
1828
1829
1830
1831
1832
1833
1834
1835
1836
1837
1838
1839
1840
1841
1842
1843
1844
1845
1846
1847
1848
1849
1850
1851
1852
1853
1854
1855
1856
1857
1858
1859
1860
1861
1862
1863
1864
1865
1866
1867
1868
1869
1870
1871
1872
1873
1874
1875
1876
1877
1878
1879
1880
1881
1882
1883
1884
1885
1886
1887
1888
1889
1890
1891
1892
1893
1894
1895
1896
1897
1898
1899
1900
1901
1902
1903
1904
1905
1906
1907
1908
1909
1910
1911
1912
1913
1914
1915
1916
1917
1918
1919
1920
1921
1922
1923
1924
1925
1926
1927
1928
1929
1930
1931
1932
1933
1934
1935
1936
1937
1938
1939
1940
1941
1942
1943
1944
1945
1946
1947
1948
1949
1950
1951
1952
1953
1954
1955
1956
1957
1958
1959
1960
1961
1962
1963
1964
1965
1966
1967
1968
1969
1970
1971
1972
1973
1974
1975
1976
1977
1978
1979
1980
1981
1982
1983
1984
1985
1986
1987
1988
1989
9.436236466205497e-08 -0.9729819916612816 0
0.9692489784449874 0.001237542018588581 0
-0.9634482210865939 -0.002482772472504498 0
1.656922402580072e-16 0.9658006876000745 0
-0.9151706219887306 0.2960686095702221 0
-0.2997748075015869 0.9204294426835146 0
-0.9190419788985731 -0.2981114968759243 0
0.9232535515218364 0.2927700743221153 0
0.2975316711576875 0.9172763724948593 0
-0.2985420616019793 -0.9198487589347965 0
0.9185310373843907 -0.2984488256474327 0
0.2981329872744019 -0.9151117201392489 0
-0.6305419228938295 0.7366461509778368 0
-0.6321013899755779 -0.7325027496633213 0
0.6272373716378173 -0.7344006044317088 0
0.6254852573543509 0.7347609011564104 0
0.8139053450275715 0.5025152294530385 0
-0.8076343322994908 -0.5126806528039187 0
0.8080858357351086 -0.5116483011064469 0
-0.8107198026623578 0.5108947123885398 0
0.4731758766042521 0.8385188552662185 0
-0.4733610182776744 0.8358567155048203 0
0.4745363661774437 -0.8370469399354911 0
-0.4727755767121664 -0.8365000581624639 0
0.9423374986384868 -0.1634196616781784 0
0.1655333625831978 0.9433244092399926 0
-0.1635250966200436 0.9481716643750295 0
-0.1674154513199328 -0.9452662025337052 0
-0.9385907160078031 0.1591007011396235 0
-0.9521557755351208 -0.1633668263170884 0
0.9423512212870969 0.1645868834598102 0
0.1626318789495095 -0.9445414438658407 0
0.7373334563833579 0.6254159682750112 0
-0.7318722311160779 -0.6325059390462874 0
-0.7324090008245169 0.6266899391349372 0
0.734611956403126 -0.6224271205372497 0
-0.8774869630613151 0.4026949236446931 0
-0.8790626145744947 -0.4051178278477446 0
0.8782205842294414 0.4039396045650146 0
0.8826233398373983 -0.4045702536005749 0
-0.548121415567475 -0.786107718922709 0
0.548890920274499 -0.7849749502339282 0
-0.548872004088891 0.7849840765579027 0
0.5492256356582879 0.7835521521924752 0
-0.07550540783741821 -0.9613009852304286 0
0.9637451471590269 -0.07495795447544562 0
-0.9612989954530367 0.07550073742342292 0
0.962322969863546 0.07843073961381329 0
-0.9658721283747815 -0.06960630393308395 0
0.07550520829797058 -0.9613006989618603 0
-0.07550805188455559 0.9613017714262307 0
0.07745310619357121 0.9594843136213607 0
0.3696917418656608 -0.892858063624173 0
-0.3676692197849611 -0.8864429939720895 0
0.3691589673309654 0.8918950490235488 0
-0.3707314403572254 0.8949836527551528 0
-0.690664513715649 0.6838486167555152 0
0.6815631705970169 -0.6831180119944847 0
-0.6813320845890488 -0.6813507053234668 0
0.6829242154766439 0.6829242154766432 0
0.8365000581624634 -0.4727755767121669 0
0.7886121915755337 -0.4685281116796784 0
0.7598859785715525 -0.5063572804516715 0
0.7417243785001121 -0.4632277807058247 0
0.7132913064712917 -0.5008052760962211 0
0.6952094619849817 -0.4572518062577687 0
0.6668450856119945 -0.494631899082647 0
0.6488429687782831 -0.4513537916160903 0
0.6205360194460016 -0.4886845943139775 0
0.602598642048965 -0.4457544255496912 0
0.5742904878308356 -0.4828375529531654 0
0.556351896936777 -0.4400295655819218 0
0.5844567044655138 -0.4028297947573171 0
0.5283627824535955 -0.4771620669460397 0
0.5383024683569584 -0.3970643355417381 0
0.5662377162648384 -0.3599021809751984 0
0.520068469204844 -0.3543145146737849 0
0.5478104886249503 -0.3171562703217757 0
0.5038210300644573 -0.3105557123125528 0
0.5298916272605604 -0.2741651627662065 0
0.4737008722826824 -0.3486353028620414 0
0.4809626499702542 -0.2643594685165576 0
0.5136471658962701 -0.2297559006780567 0
0.5579158107057262 -0.235738956188713 0
0.5398513716953706 -0.193985021513641 0
0.4938741199734551 -0.1887443538073095 0
0.5199313628808689 -0.1538427937607678 0
0.5674167110089169 -0.1579353709829086 0
0.5493323332763499 -0.1159666726567915 0
0.4993093358263468 -0.115368769852411 0
0.5298778636731244 -0.07600560070445066 0
0.5768999943405398 -0.07988249238314686 0
0.5601239933854356 -0.03737401674070248 0
0.5126884613143358 -0.03493121888156233 0
0.542728043808265 0.004413177296435233 0
0.4966706371365578 0.008779832406789229 0
0.5256972976481268 0.04735558627099287 0
0.4796684774416084 0.05364307894491229 0
0.5083348563022863 0.09076396266084806 0
0.5544649520235717 0.08439532823496375 0
0.5371665470888348 0.1275702747773381 0
0.4907937144438475 0.1343238541285212 0
0.5198230415463365 0.1712736295415287 0
0.473153160028723 0.1782250403984061 0
0.5023310069724019 0.2152572352721158 0
0.4555526114310301 0.2221534935794004 0
0.4846801496266883 0.2590691860098701 0
0.4381977753569143 0.2659011796854381 0
0.4671002079650367 0.3025684209441191 0
0.4209993305930138 0.3092763844234115 0
0.4497712553999286 0.3456459905993942 0
0.4040331370552566 0.352281769079016 0
0.432488379626435 0.3882701360408305 0
0.38718386026566 0.3948801983350348 0
0.4153820027336836 0.4305853813992785 0
0.3704108008530764 0.4371264271164767 0
0.3421432481688147 0.4016057812715211 0
0.3253594588089541 0.4435289044910036 0
0.2971489750981633 0.4081360371092028 0
0.2803446852269599 0.4501261780063778 0
0.2521204252552917 0.414717533753453 0
0.2352231780819315 0.4569811685744039 0
0.2070645141523137 0.4213812401215516 0
0.190163854079118 0.4636605161152749 0
0.1620529894661192 0.4280989496569648 0
0.1454048116881788 0.4704099595055269 0
0.1734049062480525 0.5057802938849767 0
0.1287257122087661 0.5125045952806396 0
0.1007324192893513 0.4772249357408037 0
0.08417914553791772 0.5192387913912473 0
0.05623060355063612 0.4840332690758893 0
0.03983056766031787 0.525918652273942 0
0.01180513883035808 0.4911111791346818 0
-0.004653115897734518 0.5323837688221197 0
-0.03261236340292704 0.4979045733195461 0
-0.04904470446318123 0.5392044350665858 0
-0.07694159362470432 0.5047409522222644 0
-0.09334697821267965 0.5458223644860286 0
-0.1212245576589852 0.5113493432615125 0
-0.1390900374739416 0.5535974431195357 0
-0.1656391490098105 0.5184259117824482 0
0.02121921941686816 0.57491230884601 0
0.1566707272017538 0.5475633118217633 0
-0.1843925644476851 0.561749455675264 0
-0.2102892356463018 0.5251565710810723 0
-0.1976065846159834 0.4841093500862349 0
-0.2384354902014899 0.4898675319856307 0
-0.254439149472675 0.5317381928035072 0
-0.2828738531446841 0.4965084829084704 0
-0.2662567310737071 0.4539061387573284 0
-0.3115929961751521 0.4608513156147491 0
-0.2964763715541083 0.4188255641626718 0
-0.3411425845487653 0.4249771730921031 0
-0.3244228986694111 0.381411615669683 0
-0.3704945837114443 0.3875443301854142 0
-0.3534872517019995 0.3446467276492481 0
-0.3998329653411025 0.3507749569128865 0
-0.382887769836404 0.3081287743129145 0
-0.4289609220158236 0.3153867284155259 0
-0.4121049256580366 0.2721367054193713 0
-0.457686623366154 0.2792447832009715 0
-0.4426672822659801 0.2376271426709231 0
-0.4865089677822536 0.2434457545579354 0
-0.4707294168430352 0.2014071559851995 0
-0.5148388339493566 0.207643385830426 0
-0.5000806191170412 0.1668209847964535 0
-0.5432082130989132 0.1725699420591145 0
-0.5270059797087393 0.1305413569538416 0
-0.4799205178485961 0.1281821251823935 0
-0.5116753155776136 0.09024579205396881 0
-0.5552482063262819 0.09544291625472499 0
-0.5392584725504521 0.05345144568580939 0
-0.4919602662813625 0.05056444962185217 0
-0.5240019026478487 0.01290211274825503 0
-0.5677206557969654 0.01849122490573396 0
-0.5518550819301747 -0.02369111860418758 0
-0.5017055620044797 -0.02925299538456743 0
-0.5350632619807366 -0.06624960012531748 0
-0.4908355861076351 -0.07409106383841305 0
-0.5200226029195352 -0.1095837536121977 0
-0.4743237890290337 -0.1173913472991912 0
-0.5039838462206641 -0.1532952389027596 0
-0.4578470293317409 -0.1611176634273163 0
-0.486660903045994 -0.196927357414053 0
-0.4395608593122344 -0.2044544792064941 0
-0.4697146306262999 -0.2407121955770067 0
-0.422861647322563 -0.2482332229223607 0
-0.4545681803752362 -0.284955703336239 0
-0.4067895722591441 -0.2938696372192902 0
-0.4379374902615383 -0.328472089809159 0
-0.3909320257533598 -0.3384463734347076 0
-0.4215802493806996 -0.3717668346078145 0
-0.3769519393413043 -0.3789863171191782 0
-0.4059924002512153 -0.4141239572568689 0
-0.3611769720963263 -0.4217450014573942 0
-0.532464635604725 -0.1876352260258994 0
-0.3304320572444233 -0.3899111819521657 0
-0.3164460127631632 -0.4296263805980785 0
-0.3461553024044237 -0.4647051387789862 0
-0.3015157476507982 -0.4720993174074317 0
-0.2720663653624895 -0.4370275579265502 0
-0.256426651020032 -0.4794440396628649 0
-0.2277834951160501 -0.4456792716906299 0
-0.2120323115540901 -0.487122108269687 0
-0.1833969753959071 -0.4536370120509985 0
-0.1675720442268786 -0.4949217486779067 0
-0.13897358597857 -0.4614170056716313 0
-0.1233252175184385 -0.5026623913515524 0
-0.09458432205402584 -0.4691185444965633 0
-0.07895455733271363 -0.5103694516128655 0
-0.0502098874129373 -0.4768507637111714 0
-0.03453284082293449 -0.5180718300686453 0
-0.005709556695323215 -0.4836743804712237 0
0.01010059011395283 -0.5256356619815896 0
0.0386184738376195 -0.4912715310730649 0
0.05451799700606361 -0.5332236129398998 0
-0.01893717712439831 -0.5599190455534043 0
-0.1520062854036915 -0.5368647710285624 0
0.08282842450184551 -0.4988348136521009 0
0.09840450492713619 -0.5407769352393159 0
-0.2855270534621601 -0.5143472742281575 0
-0.4457451704808086 0.3582240927896694 0
-0.595992537753681 -0.01639413666988587 0
-0.1116395118362346 0.5883696851984926 0
0.6051484353270647 -0.04340028347445262 0
0.3542913938217913 0.4791797363180695 0
-0.3573248961532626 0.4662702446655943 0
0.5488596294191755 0.208287130517237 0
-0.5592636487765059 0.214278814680503 0
0.1268649407206487 -0.5065253429878919 0
0.1421340410508992 -0.5484979908263872 0
0.1137702300036619 -0.5825152476325398 0
0.1574699412325155 -0.5902304298554917 0
-0.4506490379408531 -0.4066470122613119 0
0.02668122504519832 0.4495920160258608 0
0.1115123704473801 -0.4642201386572548 0
0.4603321862727162 0.4242001474141564 0
0.1857811795097078 -0.5563038916569214 0
0.2011385145701576 -0.5979234031278186 0
-0.02449684637326104 -0.4372267596409776 0
0.1291824632271423 -0.6239551402584834 0
0.4509001644366568 0.01507059906668376 0
-0.4449700064077796 -0.08141995273203824 0
0.2699712575823937 0.3735834858465685 0
0.722820547179536 -0.4220707163835988 0
-0.280492510941948 0.3762776831931827 0
0.4276889024831506 0.1851390848710278 0
-0.3954919867759468 0.2290039122849183 0
-0.1928571093248123 -0.4142212376134309 0
0.229276234446158 -0.5640538226178657 0
0.2445258024150704 -0.6055412264539087 0
-0.371867485723546 -0.2597245338831218 0
0.2727949035133735 -0.571766582158903 0
0.2577366371020895 -0.5299985767866935 0
0.2877731001327642 -0.6133426683196658 0
0.2595663346728522 -0.6468887003034941 0
0.3026947565725213 -0.6546262496558747 0
0.5464689148706541 -0.5195259717068044 0
0.2740215010662613 -0.6885844279784175 0
0.3309928784910108 -0.6212353641670362 0
0.3457770064333821 -0.662483543093541 0
0.3741011384938797 -0.6291473332675627 0
0.3887189461412889 -0.6703513178443642 0
0.5132795346790391 0.2961657517411694 0
-0.4993776902249562 -0.2740249771202011 0
0.2643570297370741 0.4922315415156169 0
-0.5029820705559797 0.2858999784120234 0
0.5933987449912524 -0.3210879122566012 0
-0.6116668988998496 0.02533558623958198 0
-0.6397552449721611 -0.009007532396613097 0
-0.6552443426282253 0.03222488400562391 0
-0.6830396226726466 -0.001830317996449951 0
-0.6983625815433858 0.03897161507621436 0
-0.66768052664551 -0.04270729798507217 0
-0.7107860168283671 -0.03551189609076079 0
-0.6955566652513731 -0.07609143612810955 0
-0.7381331043010433 -0.06917640731210432 0
-0.7231153872811663 -0.1093633215030494 0
-0.7652856593494849 -0.1020079326786809 0
-0.7504668375414302 -0.1420805215148799 0
-0.780268782591695 -0.06241462973480803 0
-0.5872286206072991 0.1792916944166375 0
-0.6034285742180945 0.2206434961824139 0
-0.6311289585285809 0.1862274534316589 0
-0.6472260767860982 0.2271331279377627 0
-0.6747126326696822 0.1930343373138949 0
-0.6907496877047534 0.2339485003839081 0
-0.6629840714907802 0.2681045541516748 0
-0.7178965956771405 0.1998840510569361 0
-0.7069040230414023 0.2749885172031225 0
-0.6788141994389875 0.3095486605846164 0
0.6220598550370843 -0.08515641200705754 0
0.6494319100408891 -0.04915966721423434 0
0.6663670473761386 -0.09049606551640695 0
0.6934010597018836 -0.05558317988091216 0
0.7100223947573315 -0.09607240732048934 0
0.7364697213346466 -0.06151761388249511 0
0.7202653164003989 -0.02082062546031758 0
0.7628674783205368 -0.02720659913356573 0
0.7468432497238922 0.01264393626274996 0
0.7529683973038565 -0.1015516103293612 0
0.7269101663316176 -0.1359693981995579 0
0.7696054151714501 -0.1414215560185937 0
0.7435372735949189 -0.1756663164655318 0
0.7889450210545949 0.006717303592288647 0
0.7728776742282457 0.04633986396272028 0
0.3587948929139473 -0.7042225733618718 0
0.4434319224897526 0.4660372067970626 0
0.4878514502194825 0.4598462923385295 0
0.4711694349782153 0.5012934997487499 0
0.515410628338422 0.4950671740960632 0
0.4991001679840736 0.5363248453059327 0
0.5321876913736249 0.4536670455433357 0
0.5596829581017383 0.4889027967944771 0
0.576491763320698 0.447576433376479 0
0.6038278692821806 0.4828394628210689 0
0.6206245403338331 0.4414968835143779 0
0.587077834242655 0.5238534171208411 0
0.4549649823008914 0.5424419495601467 0
0.4821413730906531 0.5771709123713102 0
0.4388603356167075 0.5833555155993599 0
0.4656775313823512 0.6175910123096405 0
0.4228899922099822 0.6237681781289554 0
-0.4347508883602971 -0.4490389396640298 0
-0.4784563236996894 -0.4420991719441367 0
-0.4634224572277891 -0.4835820594965487 0
-0.5065754994995681 -0.4768078049685283 0
-0.4918144669122438 -0.5178066509550424 0
-0.5352510127420952 -0.510568783694996 0
-0.5511461770062079 -0.4691491196499122 0
-0.5197155805019712 -0.5514829496216018 0
-0.4768779749932465 -0.5587284524651702 0
-0.5791734465647783 -0.5034238624095972 0
-0.5958733550341221 -0.4622805201416574 0
-0.5044282818764317 -0.5920614787643325 0
-0.4619254610007061 -0.5992462500245288 0
-0.4114140833172908 -0.1687944306569881 0
-0.3375462879955163 0.301747552083712 0
0.731333732262882 0.05363644680218361 0
0.7571611571801861 0.08609309455962867 0
0.5831772167328012 0.1207666298223927 0
0.3923235262930975 0.2729554002942764 0
0.3016720383314262 -0.5377606526014095 0
0.2863565001620166 -0.4955048078139277 0
0.3308252885331596 -0.5034403800312475 0
0.315440624115484 -0.4608918119031797 0
-0.7082109261005546 -0.1494563711897572 0
-0.7356884399363821 -0.1824050048822134 0
-0.06442132438793058 0.4632959323398979 0
0.1782206156358294 0.3858974086540213 0
0.5087222884559531 0.6114934552530713 0
-0.1095811713722742 -0.4247318876755919 0
-0.2989435355257839 0.5387662397671541 0
-0.2706986344538461 0.5736031752624872 0
-0.3148898058254948 0.5807152904055154 0
-0.2867640713671024 0.6151470986322846 0
-0.3304300332783823 0.6220094399056283 0
-0.3027095576074923 0.6561296338954505 0
-0.3459303264722255 0.663108939452412 0
-0.3739822966354414 0.6273765919091554 0
-0.3182900555566855 0.696756913783935 0
-0.2757101179184013 0.6901565087799675 0
-0.3889768188635251 0.6693623116613167 0
-0.4168847480306043 0.6342327982226834 0
-0.2912554172114012 0.7301668331085309 0
-0.2490513956058453 0.7235744011317277 0
0.270695721126763 -0.4530180794424184 0
0.2999470442581219 -0.4181050075056112 0
0.2553225159762105 -0.4105493926243156 0
0.2843441707184863 -0.3751068166530939 0
0.2398536202677376 -0.367303674953215 0
0.2686108724914526 -0.3316478062956246 0
0.2232861589179977 -0.3234302352696994 0
0.2529104830286781 -0.2875957141987552 0
0.2064393419234493 -0.2795786132894681 0
0.2367017113328335 -0.2432313854803144 0
0.2833649624525219 -0.2514491568302215 0
0.2671749400942236 -0.206891664554101 0
0.1779018509363069 -0.3155941722154407 0
0.7861401714955881 -0.1800795465509709 0
0.7598417533746488 -0.2154678246502868 0
-0.6232901557888472 -0.4965824093744737 0
-0.6391751300206425 -0.4550269157025962 0
-0.6119432710680958 -0.4207403447445812 0
-0.6551164027722715 -0.4134541455542356 0
-0.6279668954531253 -0.379960478709221 0
-0.6709697926829197 -0.3718305899306416 0
-0.6398758252443595 -0.3416116328250803 0
-0.7779317234724995 -0.1750869934827983 0
-0.7632031819859014 -0.2152282732202875 0
0.4493956472631645 0.6576213119461185 0
0.4068729856590846 0.6637065849289447 0
0.3802843965446824 0.6300498333915753 0
0.3644060897762337 0.6699169165866531 0
0.3377970844650728 0.6363085025973251 0
0.3221916359236002 0.6761937034473081 0
0.3482191520092998 0.7071005755396391 0
0.3062254673838502 0.7135175764158709 0
0.2800395876606045 0.682159130968507 0
0.2644313027751929 0.7216900481339698 0
0.238068407275937 0.6891310147315814 0
0.2224619887924448 0.7284581781275125 0
0.1960323480453659 0.6953725329220979 0
0.1802887908917798 0.7333758670710752 0
0.1540298422309545 0.7017726862975304 0
0.1385310549534731 0.7412964373179887 0
0.2045179022679352 0.7692103293392818 0
0.1120946052806609 0.7083989474665757 0
0.09733337094974363 0.7493053081579277 0
0.07030312783682872 0.715091756501455 0
0.05488083527184186 0.7542492032622192 0
0.02829999357524917 0.7209448612152344 0
0.01292252136352893 0.7602461812419702 0
-0.01353013420526497 0.7271995826755339 0
-0.02926343775400576 0.7644055201315557 0
-0.05532159268808758 0.7335464697839336 0
-0.07161460778554024 0.7718375573442292 0
0.08074099885209159 0.7877950552923618 0
0.7955505694753692 -0.1072630355426798 0
0.4166784715447991 -0.6395130563557817 0
0.1600749127174236 -0.2714271101811754 0
0.1324453626898982 -0.3081968289936737 0
0.1135494204848699 -0.2634347875717496 0
0.08475417935372834 -0.300286567067498 0
0.06653272965966223 -0.2554137561214763 0
0.03564996734242357 -0.2920556328077957 0
-0.00460244106092017 0.8008204732487901 0
-0.7228739596146563 0.3165003949992385 0
-0.6951217623167456 0.351584619327942 0
-0.7585452596664203 0.2832774075611437 0
-0.6503449806762097 0.3446234578395134 0
-0.6668969166015499 0.386947166053606 0
-0.6219273094809169 0.3799018871007487 0
-0.6376244930942971 0.4216197827359026 0
-0.5935310471979334 0.4150686331195693 0
-0.6090562287126112 0.4565407646230449 0
-0.5653764573147677 0.4501463627408117 0
-0.5817812573312294 0.4899072540609768 0
-0.5375780178273096 0.4847452229849606 0
-0.5565018897539195 0.5217722151552338 0
-0.5477992442182017 -0.5851895130620047 0
-0.3350221192238041 0.7415150079166717 0
0.7991356708401239 0.07991721695707509 0
0.7833168552254607 0.1193247587298571 0
0.7415510457525227 0.1256816702807118 0
0.7677181027884347 0.1589516913397177 0
0.7260722912275482 0.1655980493898977 0
0.7520701411541494 0.1991800191745321 0
0.7100442366101193 0.2057900328726704 0
0.7362193370789624 0.2396619302172687 0
0.6941906259225655 0.2464623037580762 0
0.71775550326435 0.2793969410701338 0
0.6775731946657022 0.2870994356243984 0
-0.2643803813399487 0.7631397441449629 0
0.2988754103843128 0.7557288280045137 0
0.7943892671981136 0.1925713431210772 0
0.7038567820721008 0.3211372997194373 0
0.01909391241880359 -0.2472838840524197 0
-0.01163357255717682 -0.2841076603529583 0
0.3138672221545363 -0.2152828995469671 0
0.2978389867694068 -0.1706543659202547 0
-0.6931754056470482 -0.1899161352971681 0
-0.4893295674719125 -0.6324986205434514 0
-0.4483774798211896 -0.6397381004188288 0
-0.6283188566076413 0.4932496979180186 0
0.3574290671811497 -0.4646030717381506 0
-0.419486623422936 -0.6064434265233436 0
-0.4047681449820549 -0.6468563774871068 0
-0.4362839030121534 -0.6804068398730988 0
-0.3915808003035772 -0.6874288102701531 0
-0.3628732956846505 -0.6542264202563034 0
-0.3483115623914892 -0.6949897317147683 0
-0.3208081510563403 -0.6618403025673257 0
-0.3061519906740841 -0.7023198518099255 0
-0.2788245986938803 -0.6691316140459921 0
-0.2640795212327497 -0.7086940589124212 0
-0.2368625497895009 -0.6762728510307968 0
-0.2220880484743335 -0.7157482539466692 0
-0.1901350306202426 -0.6782311635360502 0
-0.1795258671623229 -0.7225903177036247 0
-0.2072062886691935 -0.7552852948880491 0
-0.1656390562987191 -0.7624264615622913 0
-0.138560697711942 -0.7306196177391692 0
-0.1242701105084364 -0.7698020826437543 0
-0.09720053144879735 -0.7379389212763098 0
-0.08276238982529729 -0.7769157205054362 0
-0.05585611142327752 -0.745451008397269 0
-0.04139684739556922 -0.7841987054071623 0
-0.01449806367574348 -0.7525397673088164 0
-0.0001971345917478677 -0.7916756270394468 0
0.02617149216673936 -0.7598931511720363 0
0.04092179543423413 -0.7989877830152686 0
0.06672055676960319 -0.766583247638449 0
-0.2913219893323433 -0.7495113328963214 0
-0.1133032068837825 -0.6975783977019436 0
0.08182585539487497 -0.8060292792190797 0
0.107819101456224 -0.7733420698856481 0
0.01058787709164071 -0.7196201932277867 0
-0.3771549442231641 -0.7278305572729359 0
0.7609933987107539 0.2768504434906521 0
-0.1926756499256561 -0.7946006384117958 0
-0.431898370973988 0.6763141749084481 0
-0.459180565014875 0.6431140488162261 0
0.6386863526928664 -0.5316799336034957 0
-0.4440821906897048 0.6030504765356363 0
0.7171258201180116 -0.2100703780411357 0
0.7340321968650431 -0.2500937480033125 0
0.4318384536441541 -0.6783638979527566 0
0.4597184656301879 -0.6468658106182107 0
-0.2226439656563782 0.756630183113351 0
-0.2074411444139442 0.7174700184979106 0
-0.2377298314382131 0.7959666560310816 0
-0.8070611263684757 -0.09483572616362616 0
-0.8219706496780578 -0.05541603304679735 0
0.5008349246319078 -0.5139011637050402 0
0.7767032367387324 -0.255580825118716 0
-0.03235677306566405 -0.829493194318569 0
0.6308550168951443 0.5178061925561017 0
-0.8049135222821898 -0.2076197455869256 0
-0.7902802126392703 -0.2464981475473266 0
0.251552714703058 0.649180852150446 0
0.1229076979899141 -0.8131550269712149 0
0.1499401703171735 -0.7813667839322264 0
0.1642925079493682 -0.820625114006622 0
0.3299344915702531 -0.2597710668057966 0
-0.1119589327219751 -0.8094067007940694 0
0.2510096996733594 -0.1621393950126651 0
0.2817639936347392 -0.1258629164151853 0
0.328543292453237 -0.1343869894223007 0
0.3126557005902517 -0.08957919348952716 0
0.2655995382037508 -0.08092176002846045 0
0.2967007246708699 -0.04446364561779047 0
0.2493606290994591 -0.03572773920909004 0
0.280607060356016 0.001007276960946717 0
-0.698947133577128 -0.4065287176303296 0
0.6143411445692768 0.5584979372858578 0
0.4333537349468861 0.6972712892062481 0
-0.7397778903436252 0.3552842014179639 0
-0.6656364809437758 -0.1567067014958191 0
-0.02809545907394882 -0.2391585494169788 0
-0.05876829887584981 -0.2759493453678535 0
0.1912275460601609 -0.7888641050885611 0
-0.7953363797605618 -0.02309178713729306 0
-0.8367727860191619 -0.01639927830638199 0
-0.8103796453141153 0.01589800568774254 0
0.2317876331774242 -0.6803184081794372 0
0.2330414349928937 0.009757282351685942 0
0.2644124267126922 0.04673672702083859 0
-0.715138290369265 -0.3649790792789999 0
0.3593926460089791 -0.09831014328472049 0
-0.1963838863706691 0.7893953270140421 0
0.08586163225859467 -0.616381348389123 0
0.6330978870049854 -0.007144120167084394 0
0.5933403146320989 0.4062381329791775 0
0.4334144256138157 0.06007858471711808 0
-0.5799179197718624 -0.3825041214770174 0
-0.6830148962745399 0.4292000454502531 0
0.3305197899893442 -0.383265064845713 0
0.1332261851325044 0.3922795881933206 0
0.1496275859888021 0.349636562590753 0
0.103703824628241 0.3563309566486063 0
0.1202405035016967 0.3133660619068515 0
0.07421089591737259 0.31983009404864 0
0.1670244712198647 0.3102759758762216 0
0.09109995534972917 0.2779057199037864 0
0.04509046308587634 0.2828527957499078 0
0.02743301445772181 0.3270171466166412 0
-0.001918233066806974 0.2897934423205748 0
0.01568019864154668 0.2451578575156849 0
-0.03160598031523268 0.2523708245990676 0
-0.04903543123191156 0.2970207183376087 0
-0.07883178780083669 0.2597794368308216 0
-0.0960815927151181 0.3043606100905478 0
-0.1260557313234919 0.2672297065387287 0
0.05547761603311142 -0.8350623685380626 0
0.2053656226973236 -0.8278744904197738 0
0.2321084857311239 -0.796167655832536 0
0.4079238116268099 -0.5947727901144869 0
-0.1431548491284379 0.3117867322543944 0
-0.1731562247952641 0.2746802770881412 0
-0.1560257649442884 0.2300482871584963 0
-0.2033903859018885 0.2374960878418101 0
-0.1861560492122269 0.1927249190938406 0
-0.2336803386495117 0.2001621359507434 0
-0.2164230151222433 0.1553108877269098 0
-0.2638844062039574 0.1628480529137526 0
-0.2467155633969433 0.1179720108341492 0
-0.2941898056150045 0.1254539376400257 0
-0.2769641388952537 0.08074285003482717 0
-0.3241375865122362 0.08801083483961129 0
-0.3070711325207133 0.04367844098517456 0
-0.2598472831244058 0.03605615033982847 0
-0.2900741756182845 -0.001073547124912532 0
-0.2425978021340193 -0.008798951443602028 0
-0.2730632104032961 -0.04607302301990533 0
0.00165546167046024 -0.2020241247328078 0
-0.742860893725673 -0.3990710722224534 0
-0.07532268476472162 -0.2310418331407903 0
-0.1060128146299502 -0.267848576270016 0
-0.1225773211644162 -0.2229754294789879 0
-0.1531766592345111 -0.2598707025326877 0
-0.1697488990381409 -0.2150149755400861 0
-0.2000413424257897 -0.2518183137017794 0
-0.2165744605559487 -0.2088263350165599 0
-0.279091773036632 0.8025020606153668 0
-0.6669843333944544 -0.489501026673585 0
-0.651385925165528 -0.5311965066229992 0
-0.03994422613538282 0.6939596316171013 0
-0.08241730463826284 0.7006734853888088 0
-0.3540057280626951 0.0512982699531316 0
0.8251178018630628 0.1130801288107094 0
0.8407002152169427 0.0742801200453488 0
-0.8513937492308189 0.02253676722028872 0
-0.8252367275064763 0.05468933019449603 0
-0.2480991587888716 -0.6364104445357789 0
-0.2112552902675402 0.8283096310305157 0
-0.1706454041640148 0.8220003368567638 0
-0.6508312626886185 -0.19770287295078 0
-0.01423965105612903 0.2074202398301558 0
-0.4742864046341801 0.6836250383592014 0
-0.5013769907337564 0.6505719561848871 0
0.4755402722396422 0.6913709594734528 0
0.7510142142148165 -0.2901405018749968 0
0.7940403902172838 -0.2953209801049354 0
-0.4498964078673648 0.7146282972952726 0
0.1274877793926591 0.6684100853491861 0
-0.8484671889744783 -0.08774304726146766 0
0.3604386464697434 -0.2235743650527975 0
0.4825933658163925 -0.4716425847087485 0
0.8184678693198663 -0.2590953293445147 0
0.143455973402698 -0.2267076954337152 0
0.4746355334697466 -0.6860501605055325 0
0.5021195132398951 -0.6554049542142472 0
0.4479069412241375 -0.7246673805535225 0
-0.7590457039644095 -0.3580885418384672 0
0.05538304623514117 -0.3366367934820627 0
-0.7487034782448109 -0.255315582682568 0
-0.2471020170881935 -0.2437276156982807 0
-0.261553596814926 -0.2039735404566113 0
0.6905546263559058 -0.2448237843178126 0
-0.230428216844136 -0.2882148988583825 0
0.1340881876013946 -0.7401889395576747 0
-0.7021158901812474 0.1593504161490288 0
-0.7456972836963093 0.1619826443427273 0
-0.2253852117358127 -0.05388188724161142 0
-0.1946984085543938 -0.01626393923259341 0
-0.3203414561135327 -0.03838331220084763 0
-0.3332151623568603 -0.6216331215079274 0
-0.1133453981652982 0.3486458339819851 0
-0.3034834652066357 -0.08312288029688358 0
-0.159981065754145 0.3559358679552666 0
-0.1363592157596962 -0.3045414015624128 0
-0.04247759994401412 -0.3206847418857801 0
0.4047725629776071 0.02292382938541163 0
0.3870471897416482 0.06690575660633677 0
0.3535210928474691 0.596277136392286 0
0.04231672563527874 0.6830093278008708 0
0.6673460274788535 0.218223272046132 0
0.6995602236633311 0.1354949530984832 0
0.673747833226008 -0.2045778088901353 0
0.2166631773520937 0.05546236106763092 0
0.2481093286282474 0.0925668950891064 0
0.1886741000692499 0.01330237534243113 0
0.1556835006179752 -0.4721480212679071 0
0.1401291813209783 -0.4294804235909369 0
-0.1834118940417679 -0.1752059516650444 0
-0.3709576126353061 0.09520305728727615 0
-0.5101537333449121 0.5189133481937832 0
-0.4936203990368503 0.4780437583678862 0
-0.4657049773120631 0.5128975280066986 0
-0.831924008167609 -0.2399720432261893 0
-0.8140391949440212 -0.2822511382685962 0
-0.8464950243384181 -0.2010475358653619 0
-0.8650827831737575 0.06055795726908592 0
-0.8400473276205107 0.09334902035847199 0
-0.5494501866820732 0.4089263732836829 0
0.3763721989429844 -0.2681008310559752 0
-0.605794854070932 0.3377741613428429 0
0.6578463562325064 0.5525784585524797 0
0.6748189414476348 0.5116716839169175 0
-0.6953241741440745 -0.5240718615634319 0
-0.5648010946093246 -0.1010083149641349 0
0.4610226832895387 0.7295882293288933 0
0.033630670459796 0.2002790182171736 0
0.002673931211745366 0.1617287389772642 0
-0.5155819226129189 0.6898600525281824 0
-0.5419018704148936 0.6563931802104719 0
0.2181896811612957 -0.07253189688460498 0
0.2444772923816199 -0.8335686345714494 0
0.272550261133501 -0.8031727839131885 0
-0.7993266133121429 0.08928427739719995 0
0.4560623417226577 -0.5080265508960496 0
0.21590580655519 -0.8617845195956998 0
0.1357644169108886 -0.8508572237195778 0
-0.2770687322614146 -0.2800944312408805 0
0.5169473224540334 -0.6939311736760628 0
0.54316570057112 -0.6599969850025854 0
0.6412110560307547 0.5928342432458561 0
0.8704430486721482 0.114662107331991 0
-0.2788477684220346 0.2060646019729558 0
0.6377145620096373 0.4013756966975313 0
0.6096316737360119 0.3671834907197838 0
-0.2202973119181666 0.2822461562917271 0
0.768383181139222 -0.3299603348405512 0
0.7261406437646671 -0.3272647643218169 0
0.5254448005709251 -0.6206969188467376 0
0.5718524471709115 -0.6293288234634397 0
-0.1304078136211696 0.3925784425794682 0
-0.8776552840638235 -0.009276830521942656 0
0.1015090868771843 -0.6577359027614048 0
0.4210030373285598 -0.02430499473834333 0
0.2004786822283512 0.101350055748611 0
0.2320764341158748 0.1383076735519775 0
0.2790832694598513 0.1297711375875969 0
0.2632443648113613 0.1749413354501963 0
0.2161578132725297 0.1838530001571958 0
0.2474106497432902 0.2201936843053408 0
0.2943119281583545 0.2112995246434638 0
0.278525598704895 0.2561805931940775 0
-0.2607432292404726 -0.3242208365894356 0
0.5983935981548066 0.5987965401499326 0
-0.6708592363679725 0.07415791735590742 0
0.8112114833402246 -0.3352190087896498 0
0.7019409995848883 0.5467487737677181 0
0.8825451966224737 0.06943743597571277 0
-0.8139444977095693 0.1257862509106173 0
-0.8549833532903071 0.1322567734485722 0
-0.8289984828013025 0.1645206988118466 0
-0.4498833160504584 0.4717642200841616 0
-0.7301662986423821 0.1222688813126293 0
-0.5282196884674691 0.6198274562959207 0
-0.5704777888785544 0.6252572651093683 0
0.8050758030686989 -0.03262872374467207 0
-0.1554271172505587 0.7842202537738253 0
-0.1994963681059587 0.1106351934011787 0
-0.2439917598937327 0.6098182918676228 0
0.2009220802910018 0.5409736841345548 0
0.1844752353681413 0.5823110134868293 0
-0.2319486593647392 -0.7868420767517098 0
-0.2189358006122422 -0.8264332969298269 0
-0.2596105252288647 -0.8166215513214065 0
0.8307836500555418 0.001266385175324007 0
0.8467572978249013 -0.03780899050633421 0
0.8721421005214222 -0.004621311294626174 0
0.1457677692689009 -0.6656019684462358 0
0.6002706227901186 0.07818624480242481 0
0.5659989072855556 0.3710965533240871 0
-0.1784129638169189 -0.8335223591256417 0
-0.2048352007534902 -0.8652894207150862 0
-0.4194835268547834 -0.4911077762300725 0
0.4738601788154683 -0.5503444582254192 0
-0.7605324180170538 0.2047407699814439 0
-0.6151295743703172 0.1441259365359795 0
0.09556300450332714 -0.4215808315092085 0
0.4179618925274508 0.7422755855050709 0
0.3751460646028415 -0.1428091813074248 0
0.4057251723910347 -0.1069533213022871 0
0.8441316560734909 0.1507925002466266 0
-0.7865449922757818 -0.3918814273222511 0
-0.3437150329477042 0.5434567985579779 0
-0.8727583717120339 -0.2327738313729175 0
0.6648100328489182 0.4356695086042923 0
0.05841402589144272 -0.6499903939139073 0
0.2849348795617322 -0.8450384912438559 0
0.3134235991733574 -0.810004172051247 0
0.2995401206482601 -0.7715703323132541 0
0.3404158888902189 -0.7788261602659073 0
0.7190598997184107 0.5053532234276595 0
0.411500911370633 0.5489780472156474 0
-0.4981145091562928 -0.3948274960206909 0
-0.6782923254842284 -0.2310952430069998 0
-0.6356241705143467 -0.2390233514476358 0
0.3095863559060967 0.6019847421540102 0
-0.1861986996346872 0.8600177335137267 0
-0.1493774046208392 0.8528967354582683 0
-0.2259831723678697 0.8667982866507297 0
-0.4004263808565183 0.05871106270230694 0
-0.3837952251413478 0.0144397593248848 0
-0.7257741126102463 -0.4401187008574328 0
-0.6526844411186272 -0.08354945168752624 0
0.3260354565840303 0.5622768777962799 0
0.6470844486758182 -0.2398063959154417 0
0.6645118581856674 -0.2820382851383139 0
-0.3504556198385739 -0.07556307406529232 0
-0.3415710078386297 -0.1249759423526885 0
0.8878187562160903 -0.04329885468085579 0
0.8627312025622602 -0.07603116165677577 0
0.1407208396364397 0.5887946478466138 0
0.6396173906200243 -0.1260154390577665 0
-0.5822972443887817 0.6694812830357071 0
-0.612075103109695 0.6325222824688908 0
-0.5978930839798875 0.5922731591565221 0
-0.6398529109779757 0.5995356962615409 0
-0.5757079694483519 0.2557001547128823 0
0.4065062598153075 -0.2313803695731188 0
-0.06661068592279118 0.660543546197671 0
-0.1090260737106056 0.6670818766958703 0
-0.02413688154458343 0.6541099346019473 0
-0.1244663908492359 0.7070711931651175 0
0.5826588617982528 0.3282373585434905 0
-0.08399785461002043 0.3848258220898032 0
-0.1768574339244885 0.3991714167646302 0
0.3547613753508484 -0.8162758232428604 0
0.3814931196715276 -0.786023243243631 0
0.6244050244344296 0.6324080333950217 0
0.5820368665904149 0.6387148132880168 0
0.2282972145791259 0.5759694012082412 0
-0.1389992672222935 0.1854466795399614 0
-0.6790400669776017 -0.5653749428205042 0
-0.6360259337375572 -0.5723804682652941 0
0.7842503203925221 -0.3668389474366667 0
0.4015206026168892 -0.8300158880593602 0
-0.1511671989492107 0.673090963637312 0
-0.8693076072836495 0.1711367569275569 0
-0.8438317923809496 0.2033622216338827 0
-0.8845011784952321 0.2099989734252404 0
-0.8586395146609519 0.2422941813628541 0
-0.1642795755127317 -0.8723383759345783 0
-0.6233672026985945 -0.1662729022796698 0
-0.4776995939823168 0.437464547444652 0
0.3724332331391266 -0.5048259133477592 0
0.5834839025818935 -0.6727518732861693 0
0.6142107328435299 -0.6371734998671487 0
0.5016332987347838 0.7237604872902215 0
0.5193561031994515 0.6849521407910455 0
0.7303788524818154 -0.5431450272674038 0
-0.04449925791052952 0.1704656158982413 0
-0.72466239325524 -0.5587458649825036 0
-0.6631799982984848 -0.6061198950209893 0
-0.6202117934682337 -0.6126149528974799 0
-0.4206792297565629 0.5082746625969573 0
-0.02652922654725643 0.1248850105988793 0
0.4257348258647641 -0.7906577254463527 0
-0.2146326500801824 -0.3322541217423364 0
0.2183593002939288 -0.7556109411991556 0
-0.8024911081508591 -0.3525541395053012 0
0.5432424854663073 0.7171614293027645 0
0.6819990747677548 0.3948296071744287 0
0.7092779680018354 0.4297360142127056 0
0.7268660237450023 0.3895495227383698 0
0.7541876868665082 0.4239720415766258 0
0.7715469658200046 0.3828635848004243 0
0.7981679894463192 0.4176619082118762 0
0.201208428026305 0.2283575087596001 0
0.1691178726550592 0.1929147479637869 0
-0.833780866763878 -0.1275686541010745 0
-0.8747899429926307 -0.1204014440837407 0
-0.8892064793902119 -0.0813276780855154 0
0.814659429853456 0.3759590624102297 0
-0.3089248912780053 -0.3157882992829517 0
0.04280032235874606 -0.6090217469631543 0
0.01546180408234825 -0.6426949802645502 0
-0.7690696112665275 0.009451979561717283 0
0.4374614915355859 -0.46602679832405 0
0.3743754275873321 -0.01600800992980639 0
0.07492004924766016 -0.6916918117411562 0
0.4868722709935648 0.7580033391334013 0
-0.092506324594198 -0.1836779336254958 0
0.4209395928694616 -0.1507313504027034 0
-0.1777491705669562 -0.06134717807187477 0
-0.1468560391386625 -0.02329049509312662 0
-0.1642222543412914 0.02162645264909921 0
-0.1164447614735613 0.01412014835711159 0
0.4644890112457011 -0.4291779822214878 0
0.4230705671901603 -0.4263304986963793 0
0.3457099334233342 -0.3040396123409129 0
0.392125573270018 -0.312195943241356 0
-0.05093049605437844 0.6203396573689297 0
0.7893061232281532 0.3419324265317187 0
0.831803680188033 0.3361547327682101 0
0.4160620084210391 0.1036852787174721 0
0.3711162081260587 0.1118356654350397 0
0.5936748206122596 -0.5978836337866592 0
0.6345329813136836 -0.5999180561752354 0
-0.8185345689818487 0.2383938008794562 0
-0.8332309202599132 0.2758712529403929 0
0.1243914436041535 -0.3870933226804847 0
0.08768388532260146 0.3996737836664915 0
0.3115669921262507 0.03782095386829019 0
0.01936595802198208 0.1170753718623595 0
-0.009250810338117527 0.07746505435112547 0
-0.7266037121504879 -0.3255625180800413 0
-0.2877113565632725 -0.1267991259172291 0
0.6302660923582816 -0.2006270275770054 0
0.9072639809848992 0.1012698601742679 0
0.2269257151293294 -0.4458033604040137 0
-0.4338853806677418 0.4326340759438791 0
0.6276009926053 0.1137953953214707 0
0.6440823181618509 0.07137236237509284 0
0.6102638670172534 0.1567886860856638 0
0.6054487615274956 0.6719757026824046 0
0.1680022843577683 -0.3950288496942513 0
-0.2047215510186125 0.3638840091155173 0
-0.4275904623859763 0.02311679474087164 0
-0.1426462217030846 0.43510443792594 0
-0.663198967666648 -0.2726395165499025 0
-0.6193468844340886 -0.2791506884116906 0
-0.5918555279117265 -0.2472870110621709 0
-0.5768769174636298 -0.2903845477843383 0
0.9019051535052978 -0.08205084820774315 0
0.8783805998401514 -0.113983969369578 0
-0.2079801739816744 -0.09700517439893114 0
0.8171385891964716 -0.4353821321023029 0
-0.8849232326906734 -0.1920971507965942 0
-0.3145279761346784 -0.1563689845128064 0
0.03800125966235259 0.07023609932322762 0
0.008608322364380397 0.0311351250943003 0
0.05767641082652845 0.02274223727382219 0
0.02700203297959117 -0.01542229996795148 0
-0.02190641526567249 -0.007144673151251332 0
-0.003627975252087821 -0.05432293455473091 0
0.07653263528123391 -0.02116066629506032 0
0.1074478166813286 0.01624479349524432 0
0.1209946555027084 -0.0251916888335228 0
-0.9152277133473059 -0.1130016217823902 0
0.3252091005476055 0.2474865252043712 0
0.305864075557551 0.2915125032181375 0
0.3410571264675926 0.2027889451920094 0
0.2609227291970112 0.2994042499871802 0
0.7441088722620149 0.5476611966717153 0
0.1736535920760182 0.6227519853233718 0
0.6632318812261476 0.624718274584192 0
-0.4150092715476305 0.1027315633541246 0
-0.3876006128523341 0.1387156785499656 0
0.1543055217676718 0.2344432848890253 0
0.1218903358661775 0.2018395120488328 0
-0.09955326770818604 -0.03112258187244043 0
-0.736963242320582 -0.5154009360829059 0
-0.2491782190084586 -0.3656373294182112 0
-0.4108394087190632 -0.02118400258703728 0
-0.3808353750876184 -0.1098980492842273 0
-0.4867112225097967 0.5524548940164123 0
-0.2002024933455193 0.8964612709981393 0
-0.2394423724880616 0.9018389514628939 0
-0.2653443651223894 0.8712452038222657 0
-0.6238045429822233 0.6694671758316354 0
0.6638922194417326 0.3264809938803552 0
0.6380968141129942 0.2877716138787665 0
-0.8952037287342375 0.1435262418567153 0
0.1378787211467983 0.1586962171445757 0
0.08995597210393735 0.1651955669044161 0
-0.6242032126870291 0.5601648855787644 0
-0.6681918453987428 0.5668203285153627 0
-0.2173060782936517 0.4081968952600727 0
0.910884338794583 -0.01042601757472617 0
0.63152286275759 -0.6750939908509414 0
-0.9007235632675225 0.2487506370606596 0
0.8281269596827692 -0.3697424382145891 0
0.8537100193324727 -0.3374770455134419 0
0.4311894300325065 -0.5495323575082043 0
0.2781071356037068 0.5681260672117914 0
-0.6839754950996139 0.6086352792613233 0
-0.712983900171403 0.5766890691865326 0
-0.6971988880382968 0.5327645701319951 0
-0.7408499550413796 0.5401205457185805 0
-0.7250412877731364 0.4980329313547621 0
-0.6773178582959839 0.4964021865354692 0
-0.00802113538536031 0.613826945513252 0
0.9187423060119589 -0.1194246426212608 0
0.8951512089082716 -0.1531770687091459 0
0.9089987940913132 -0.1920140721915677 0
0.8686440197384501 -0.185006742417499 0
0.8835274551063168 -0.224228810947646 0
-0.1527669449506581 -0.1065736791697425 0
0.8012584607761863 0.29865069450751 0
0.8463549719796253 0.2962537997575003 0
0.8252378341199099 0.2602937555115538 0
0.8633750174671861 0.2575334539795818 0
0.8707298623347534 0.3327083303878034 0
0.8427853217503165 0.2212549178164501 0
0.8807723228689965 0.2196175777959918 0
-0.9082992433178835 -0.2217236914846763 0
0.4123492650821161 -0.7531900773215546 0
-0.3241610986811062 -0.2708723230525293 0
-0.1344983606967609 0.6325462503554254 0
-0.1771664124736818 0.6396316744548792 0
0.7821533799620812 0.4604979737197858 0
0.823948101837512 0.4514064353935692 0
-0.6490647149261751 -0.6464318450858356 0
-0.6055128495598464 -0.652290528361924 0
0.8424804795778457 -0.2192136583972253 0
-0.6318547877089661 -0.6890784215996887 0
-0.5889794540814871 -0.6914109707010784 0
-0.5652535035917902 -0.6597089237411559 0
-0.5503197807537841 -0.6985617557621574 0
-0.5772308825341733 -0.7305940664709701 0
-0.5380557777070838 -0.7428465624571489 0
-0.5099521414767367 -0.7065335998118737 0
-0.4955403120787646 -0.7447706816172609 0
-0.4335863670953903 0.1472548597919827 0
0.6207880984616737 -0.2812886698034863 0
0.9019232121068589 0.2558449189353335 0
0.9225549045751886 0.2263526603880771 0
0.9051809922314088 0.184907906859833 0
-0.8271566567359668 -0.3842021155755417 0
-0.8389801510390731 -0.3448159286996595 0
-0.816802445225826 -0.4284087784406902 0
-0.8365000581624636 -0.4727755767121666 0
0.3277016295724398 -0.7387599415075445 0
-0.1866924116177845 -0.904634162456618 0
-0.2312076369366776 -0.8969393928618931 0
-0.467025458204564 -0.7133579311136117 0
-0.4534351838070924 -0.7528272890764097 0
-0.4822412304080113 -0.7852546884834271 0
-0.4407002457749626 -0.7962258441379582 0
-0.4270806754295945 -0.8357534531702854 0
-0.3986006570268231 -0.8029279216801587 0
-0.3862881118867083 -0.8431590591529636 0
-0.3583856896771249 -0.8111433337747694 0
-0.3455446900229281 -0.8499889952325732 0
-0.3203063774796543 -0.8190535517872314 0
-0.3062717956529796 -0.858606008876336 0
-0.330413055611748 -0.7810988872383458 0
-0.4101190526001903 -0.7620050370866227 0
-0.5462380321383394 -0.2558325350122271 0
0.5621882898799084 0.6792227294830567 0
-0.836500058162464 0.4727755767121659 0
-0.7920252651261689 0.469219612935586 0
-0.8160948964978413 0.4307541117019748 0
-0.7738249908660092 0.4310283332957348 0
-0.7969652078276421 0.3896131448886637 0
0.5864012552261514 0.7166104791542389 0
-0.7138601987680002 0.08194607479440015 0
0.5126088021235116 -0.8114841017387863 0
0.5093061957622772 -0.7679736596468096 0
0.5382073955327781 -0.7337943816039413 0
0.5771412221670081 -0.7540857270630464 0
0.4729031670967337 -0.7911722466214636 0
0.5739838911466087 -0.7144030434265009 0
-0.5124160188408018 0.8112870516026591 0
-0.5079478854985431 0.7611201905994136 0
-0.5467224606222064 0.7379740740647138 0
-0.5785309774923869 0.7548180651383403 0
-0.5741429304862199 0.7143716912712955 0
-0.4739031769735667 0.7907428072784255 0
-0.4370387736568477 0.8133793808927633 0
-0.4359602264723945 0.7720040794573121 0
-0.4004004678071952 0.7919220420197924 0
-0.4003490184309537 0.7495227875791461 0
-0.4004120236689906 0.8334876285514372 0
-0.3624840039924739 0.8132579360563512 0
0.511839551978598 0.8147567631861783 0
0.4507877418693986 -0.1130020045046038 0
0.2954160358979299 0.5275439834153033 0
0.4355820902746814 -0.06990957256824128 0
-0.686715986484595 0.1176466868365098 0
-0.7766173630011077 -0.547770961367534 0
0.5547033399459543 0.6052373608369765 0
0.9510427225549812 0.1198253108397712 0
0.1178603318718633 -0.9541906614635255 0
0.09071572766984509 -0.9230325929812591 0
0.04802927296416547 -0.9297300133981976 0
0.1333240154935592 -0.9153153232409369 0
0.1751135593982921 -0.9030796509077016 0
0.06102555229433942 -0.8948487895843834 0
0.01721675322623476 -0.8974789204874354 0
0.2079430275966059 -0.9367393582517854 0
0.2554945732788064 -0.9273546325129207 0
0.1042402219176138 -0.8840191690660658 0
0.2705284632099652 -0.8882146312188047 0
0.3111308507396209 -0.8776725473279857 0
-0.1186577486665141 -0.9543120292655908 0
-0.09032237700201715 -0.923225247798488 0
-0.04796315497943041 -0.9297612461961294 0
-0.06325712540044337 -0.8938034070726001 0
-0.100222674091515 -0.8850963167315539 0
-0.07251535964793618 -0.8556588472172603 0
-0.1370331598205009 -0.9083442001372325 0
-0.9544572783122546 0.1146048244347277 0
-0.9249601609321897 0.08709577100072026 0
-0.9312289116348351 0.05203020466607589 0
-0.1180097362257995 0.9547961407650911 0
-0.08887135640499536 0.9235457060404439 0
-0.05034471926853127 0.930745623165217 0
-0.06223209453529221 0.8935491323166845 0
-0.02339306609501818 0.9012701328512184 0
-0.03493619960041228 0.8640707606912771 0
0.005127309939790178 0.8724910437747103 0
-0.074286474282315 0.8552574477925802 0
0.0145261370740727 0.9087689838570508 0
0.04436246726270095 0.880865254579167 0
-0.1357983591591728 0.9138335807656809 0
0.0304749072515561 0.8361315550014007 0
0.07244600942695861 0.8512733821532278 0
0.08391595629513302 0.889586564060926 0
0.1122519370616236 0.8602470111309097 0
0.123438129234568 0.8961651675249436 0
0.1514481217913025 0.8682995466309026 0
0.139974102595576 0.8300815919486583 0
0.1799977358899693 0.8392906209811052 0
0.1916435034592266 0.8781807135434406 0
0.2206388980813893 0.8485221718583574 0
0.2339467714036805 0.8882371628745218 0
0.2609963455348743 0.8572295352643072 0
0.2483942832454951 0.8205681771004051 0
0.2894190744806278 0.8283463202942678 0
0.3032073272716712 0.8733049971901673 0
0.3298858331923604 0.8368027659113756 0
-0.04251815150191309 0.8277396340716018 0
0.1706111212461955 0.8006565027482889 0
0.316649708356457 0.7976411416941628 0
0.3580907871706002 0.8068241058482412 0
0.3443094884900689 0.7689862804235895 0
0.3867876661257348 0.776700113078557 0
0.3982584388456571 0.8142418642277746 0
0.4267007132877211 0.7862343507312392 0
-0.08394410057429842 0.8131916216974776 0
0.127371334885462 0.7851981134388634 0
0.203924781735359 0.916164885589191 0
0.119825249649912 0.9530003668767331 0
-0.93032166732282 0.2142980646659721 0
-0.5925499459624101 -0.5791828488152665 0
-0.4545395142564098 -0.01194274931216865 0
0.5364450090419425 0.64526014408683 0
-0.02433312807218134 -0.8984054485952903 0
-0.7922842751191195 -0.4700020184657326 0
-0.8998435314642187 -0.1512374927990343 0
0.8974590726663474 0.02781491253763453 0
-0.6431219482980752 0.1090976291321709 0
0.2463075284226736 -0.7213003437543295 0
0.2041941519107867 -0.7143656410837119 0
0.5264013835638645 0.5708031054120352 0
-0.7410716267990051 0.04603299661640518 0
0.1889729836915197 -0.672951566626997 0
-0.8732212907645454 0.2829335043050809 0
-0.8461878255768331 0.3142172804527605 0
-0.8007302044848266 0.3102325594336423 0
-0.8192214064440628 0.3459201688477429 0
-0.8606339117892203 0.3551632663675151 0
-0.1018312930405518 0.8853823016159872 0
-0.4372640140258712 0.8571388442596953 0
0.4388333206783496 0.8613332945413509 0
0.437250882628715 -0.8581531757885158 0
0.7785166425587142 -0.5570818843003966 0
0.7410281651478531 0.345262724021445 0
-0.6908435300513691 -0.637796145268716 0
0.07946894290950254 -0.3785068313111586 0
0.04877985865867453 -0.4153243194837888 0
0.9276374983521877 0.06203371272652524 0
-0.399537180010418 -0.06946935683665229 0
0.8365892754997674 -0.3000254885600396 0
0.8615154629097497 -0.2650204758356128 0
-0.2915416153720088 -0.791609218119109 0
-0.4225998903584569 -0.720642744115472 0
-0.0007571066786186504 -0.6017787660124109 0
-0.02779500327656631 -0.6357425687224191 0
-0.01248361060965046 -0.6763851711052493 0
-0.05197289541060929 -0.6698195392945736 0
-0.07046780561348076 -0.6288292161570915 0
-0.1136626803956092 0.778779084643122 0
0.1615087468389599 -0.7072332608666561 0
0.1180850848040451 -0.6992555855539914 0
-0.3585861822529847 -0.3046632621425911 0
-0.3417082441559609 -0.2240687121005306 0
-0.3919320495461356 -0.2120717583118236 0
0.6171635909521377 0.03573800141948551 0
0.6619131246722427 0.02966326359354413 0
0.5925780523436213 -0.5238374236977258 0
0.5636896231928383 -0.562964058446774 0
-0.3370820559799374 -0.7370829730254405 0
0.9093474929085489 0.1403383198910488 0
-0.7575601187734993 0.08502575794061047 0
0.6848391306568919 -0.5360777817559902 0
0.7023840234569796 -0.5794528103274732 0
0.516979639842082 -0.5544844580454377 0
0.4946014387440631 -0.5888015785678758 0
0.8566928822172523 0.03606618424740218 0
0.9022306530063956 -0.2606119261478461 0
-0.7576326030802433 0.5872933290277699 0
0.2474890758548721 0.53400307254873 0
0.5312653280372797 0.2520009942444209 0
0.5760911607709291 0.2444958149733202 0
0.5928882191524908 0.2003284909382879 0
0.6230139955585153 0.2391465420113938 0
0.5567384225709163 0.2891243339945272 0
-0.1336562348153299 0.05957313858930276 0
-0.3969330268263899 0.1829086420696568 0
-0.3525567060095653 0.1798928322991614 0
-0.345496876536163 0.2269078005210082 0
-0.8601165718834843 -0.1605378893951695 0
-0.7754527578191527 -0.3155120860274598 0
-0.857474656136477 -0.2713061867596556 0
-0.4811744883758511 -0.3193063574849443 0
-0.5295679298648839 -0.3129806654637253 0
-0.5708635908403886 -0.3348982256274383 0
-0.5363095982108855 -0.3633580178171091 0
-0.5409058546607975 -0.4024464432568748 0
0.6542385235159038 0.1458097665531353 0
0.4951034623250395 0.3398880580598943 0
0.4774518197594364 0.3822745727666679 0
0.3617638193059766 -0.3481220476536093 0
0.4098403291427891 -0.3565165832134561 0
0.3768624766393553 -0.3912016035624888 0
0.1731979388143156 -0.6316322825417507 0
0.8123582315259968 -0.1438611808459279 0
-0.1408054513758652 -0.8404554921126061 0
0.4889309966502715 -0.7265782839241898 0
-0.08937960373960477 -0.3124836058251907 0
-0.07274082252519254 -0.3555616158119574 0
-0.02846718097705103 -0.363046923112026 0
-0.0609633799391685 -0.4005282510981732 0
-0.119458145188739 -0.3472892150596203 0
-0.166619203341741 -0.3391369807074993 0
-0.1500417252799659 -0.3847717428173995 0
0.004707013259755475 -0.3283428046570185 0
0.01999774018656295 -0.3741807655790962 0
-0.1835428812810094 -0.2959727365175163 0
0.1773758265135761 -0.8614449678265325 0
0.2501918283991707 0.7593624754929985 0
-0.4485176968031732 -0.5250622106275096 0
-0.4050753743471517 -0.5329027516789145 0
-0.375793297597388 -0.4993043103896219 0
-0.3615759781342349 -0.5414745199947184 0
-0.3311914613837894 -0.5072198678742336 0
-0.3134880302945585 -0.5491645523657852 0
-0.2694361420577429 -0.555255128257588 0
-0.3009695360547163 -0.5883505325945656 0
-0.09689966926726593 0.4277092034471149 0
0.03952609877730781 0.7931196293538402 0
-0.7878685173182418 0.1594135466114596 0
0.4560571856568389 -0.587733328967834 0
-0.8978180242349678 0.02937060907546646 0
-0.918804620327152 -0.003503977381677765 0
-0.9038491903944365 -0.04068883565259653 0
-0.8629869297533616 -0.04847528381245027 0
0.3163429948532453 -0.6966060765728151 0
0.01387760645026982 -0.8308911656370056 0
0.77907371864365 -0.06683380620664675 0
-0.4745218538103276 0.3225068371267719 0
-0.5190041970091411 0.3278884132558984 0
-0.4904263259607138 0.363116919331178 0
-0.5475138066375416 0.2919043267176742 0
-0.5834835330634927 0.06012109635432143 0
-0.607560351867381 -0.5378606846026248 0
-0.2495333533270631 -0.7481796112999459 0
0.6822501804488115 0.5861724163955664 0
0.7217343284032679 0.5867943807896947 0
-0.3077501724776182 0.1684541226883248 0
-0.3042566802811865 0.7715225036369144 0
-0.3182137039102401 0.8099156507718969 0
-0.2928332153946869 0.8411534879991006 0
-0.3335136107451467 0.846690686150679 0
-0.5636749303094729 -0.5446181070343484 0
0.2183696389084753 0.6156379726155029 0
-0.7259557406889379 0.004711446097693276 0
0.9293131851938293 -0.05061506443668263 0
-0.4893212566021736 0.7237438820903896 0
-0.8858594316556152 0.09993140120987194 0
-0.2942992378032045 -0.3587290122969711 0
-0.2602433774953378 0.6502557785387759 0
-0.227742148237444 0.5682840707810947 0
-0.06658047548086604 0.3412895897294593 0
-0.03746037629542188 0.3777022205833099 0
-0.01975268748096175 0.3341072047353866 0
0.01020126663627063 0.3710326096211469 0
-0.004652009190547591 0.413712640395589 0
0.3910207276331024 -0.1870587355790247 0
0.4439573902526545 -0.1960440133110044 0
0.29483504713867 0.08389649076511832 0
0.7754071798715799 0.232202126582719 0
-0.446469967920702 0.06616795663196058 0
-0.09801951923959343 0.7394487638784358 0
-0.6813580521834121 -0.3336878329019783 0
-0.06264839594336755 -0.5524578266460549 0
-0.107637515103705 -0.5445516486391576 0
-0.1364890749319253 -0.5785201323044952 0
-0.1801719514025504 -0.5709579666917264 0
-0.1625371883719056 -0.6114001246667472 0
-0.2079894850754216 -0.6089461850267958 0
-0.1203051446536911 -0.6195550925430072 0
-0.1469106894758293 -0.6558120974569268 0
-0.2235085169049126 -0.5638832119423816 0
-0.09012040530367099 -0.5865717789323651 0
0.3987531530111945 0.4726107325083905 0
0.3836486110896999 0.5145864055819199 0
0.06722856627171821 0.5621389345118758 0
0.05591433375463069 0.6059558361305282 0
0.09511759930102423 0.595741366631486 0
0.08429585732207871 0.6369253754225418 0
0.1118016935293435 0.554633156255117 0
-0.3905587312607389 -0.4566708539628288 0
-0.3603048815255391 0.7026766082237842 0
-0.2510091673072823 0.2448872889739181 0
-0.263122795215149 0.2913360931226794 0
-0.2979316260856483 0.2501089703292282 0
-0.2317424719349886 0.3284352684005419 0
0.7706404382206332 -0.4309480568565765 0
-0.7352272786595742 0.240695711397674 0
0.05786612524797987 0.3635568623928089 0
0.5714478430023633 0.04135387498355488 0
0.401698388632332 -0.7125259655605977 0
-0.5317669808752132 -0.625230194761176 0
-0.819274099883149 -0.1676583251256855 0
0.6772292387095019 -0.01403423015289269 0
0.5431338276965761 0.5300874830524368 0
-0.5992267194015798 0.1019048789382013 0
0.8778602577588501 -0.3043341622381912 0
0.8988966938020621 -0.3406444840950384 0
0.6121040991073367 -0.3652964960665261 0
0.6398593179206306 -0.3285630644418161 0
0.6575659075694889 -0.368331432039148 0
0.6304007840356509 -0.4077196379943722 0
0.6763967806353793 -0.4136813281775411 0
0.7084021306870557 -0.3732206697422587 0
0.2990752116651353 -0.2957208868046777 0
0.5882849655800418 -0.001068894447127314 0
-0.5491400881334937 -0.1441550951029153 0
-0.5790424873124429 -0.1772400392964191 0
0.3908259550714593 0.7032884162845283 0
0.2324397112048129 0.2640030489972385 0
0.2148126306463251 0.3045450710411197 0
0.4922771964779095 0.6515411785172988 0
-0.5710439387517204 0.1372091352486636 0
0.9596135631096604 -0.1151098811220683 0
0.8374142038291684 -0.1096831049663382 0
-0.2435453456549818 -0.8571171975029231 0
0.2626878035250004 0.6080755988692996 0
0.3444758233471445 -0.1789610894714616 0
-0.6272671131098658 0.06714033200430113 0
-0.3592249629166687 -0.1735264880277063 0
0.8064696243919524 0.1525634908872285 0
-0.2520396079378885 0.8343292210248433 0
-0.006760945958756383 -0.8648066891726519 0
-0.3371325505590838 0.006390536245894627 0
-0.9427874429555293 -0.03572493752428277 0
0.4460597499287287 -0.3868259908888655 0
0.8148065649810127 0.04071433017143008 0
0.5653630868261487 0.164169140280408 0
0.3275860531701453 -0.007627211617165051 0
-0.7790540456038348 0.2395142828626513 0
-0.5750118238955985 -0.6182554357362046 0
0.5947997451714023 -0.1206962114739358 0
-0.7118448171921327 0.3915483838683027 0
-0.2937551153733137 -0.2374069849738721 0
0.8591937473320524 0.1866140391478966 0
0.3900065095633085 -0.06151329199244977 0
0.4663460620520654 -0.03190131904640032 0
0.3434528435984811 -0.05291691598857656 0
-0.5163155811041693 -0.8112898478913224 0
0.4303683841718314 -0.2763403009583972 0
0.117073392031429 0.4350881639518242 0
0.1705497224417307 -0.5145086345782476 0
-0.3881253776635473 0.4281440201528633 0
-0.4404825233116455 0.5552821094865775 0
-0.3935848207560447 0.5414737910714952 0
-0.5345224775920333 0.5538276752585304 0
-0.256186937389706 -0.0904775723892346 0
0.5706008852709956 0.5644660847888748 0
0.683593392336039 -0.1308514037993838 0
-0.03904618614263979 0.0408943502598608 0
0.3762908011940977 0.3172234928864074 0
-0.4646880441709098 -0.3620882329710198 0
0.3446682150296771 -0.5450096699585459 0
-0.3271973722931857 0.5023535263422075 0
-0.367507585897929 -0.03161639346206301 0
-0.1888422457582691 0.319494718517598 0
0.2183766697548804 0.4990056304178632 0
-0.3589981888924335 0.5864569257491885 0
-0.4042570490568586 0.5895260046857272 0
0.05297062665622045 0.9247330836067578 0
-0.195851083062529 -0.5292873067573912 0
-0.2399841304127594 -0.521865349423878 0
0.3099774435442229 0.1665731311735803 0
0.3566027725087365 0.1577052162055423 0
-0.5802801824738338 -0.05863551532788464 0
-0.3082573462516878 0.3383641530442115 0
0.2166559608956577 -0.6391311869354784 0
0.3162164828630877 -0.5795042995912468 0
0.427177328955364 0.5075218663066946 0
-0.2402359792292285 -0.130121840562251 0
0.04516699455246496 -0.06120364349123323 0
0.01331737453227507 -0.1008883526551549 0
-0.0438189154831245 -0.09146523730266899 0
-0.01062507398620529 -0.1497350587752096 0
0.03282566872285937 -0.1458411418915203 0
0.07040943266970283 -0.5749493980717645 0
-0.1582380720731212 0.5972555411333688 0
-0.1522936941079285 -0.8017022891083597 0
0.2204042913710376 -0.1985289681074691 0
0.2041008286737136 -0.1537719939860532 0
-0.5311358828583315 0.2498120691519074 0
-0.6345516714162717 0.3027215365907839 0
0.3728180157851908 0.8495042095196039 0
-0.6588300915965993 0.151954993040868 0
0.4098977950775583 0.2294517994569909 0
-0.305985636831088 0.881087259294108 0
-0.425207201948552 -0.1233900276543483 0
0.3591098896821673 0.3599914544664001 0
-0.5241318802005481 -0.6665336995727444 0
0.2424248743785586 -0.4879835641962385 0
0.5102605643857535 -0.434594226431714 0
0.5047785594914352 0.4182751053032842 0
-0.5777799947407463 0.3735093140874056 0
-0.6523701227515559 0.6374050456373818 0
-0.7060036485245695 -0.2636978083847802 0
-0.3670528861220643 0.7692266503616226 0
-0.06162269554430046 0.2150819192302754 0
-0.1814130566271021 0.7507881921651096 0
-0.6827291247479926 -0.4478185126040477 0
-0.2339990270069536 0.6844102677272881 0
-0.48641164936193 0.6106444566376203 0
0.06315876434866843 0.241723860674072 0
-0.7208444133038233 -0.2229430079123361 0
0.09195486862455453 -0.7333356478890906 0
0.3433774432993499 -0.4242588170831014 0
0.4921468559007779 -0.3917687254366053 0
-0.3395320826836773 0.1326217438840608 0
-0.3901364143478081 -0.5734830784593591 0
-0.1385398684427001 -0.1808437817064543 0
0.3150039662656214 -0.3396503724322719 0
0.6608578448002749 -0.6400004701613877 0
0.5856916734304778 -0.1972164009855902 0
-0.5214882641296509 0.4440514352040055 0
-0.2297388761409332 0.07326187236625545 0
-0.7923000522298195 -0.1348730255111242 0
-0.4336699241525035 -0.5659776949631375 0
-0.8031252213033723 0.1992834196941342 0
-0.6092244121483142 -0.09200676584877789 0
-0.6242695575186878 -0.05038344998595998 0
-0.7535375096988999 -0.0297154755808104 0
0.2939758636972387 0.6423170883644825 0
0.3596939476771015 -0.5878210109584021 0
0.1765530171704007 -0.747938278621331 0
0.1724013429104996 0.05604430435999453 0
0.1901150722110894 -0.2349196030411059 0
0.5491928351135812 0.4123687460832905 0
0.001812251270031193 0.6877865646499143 0
0.2084117583431785 0.8097024480863945 0
-0.783774057161961 0.05006372456636191 0
0.2025156514092859 -0.02772139887870511 0
0.1727598400366582 -0.06544788146274874 0
0.02635567639090806 -0.5674213719203706 0
0.6879849309067978 0.06197993857600231 0
0.5913827502972547 0.759522367881219 0
0.07261515504112696 0.4421128908148948 0
0.8213609704717235 -0.07115336047328777 0
-0.3666669254082038 0.2655384372795085 0
0.06673419690480023 -0.456780111374838 0
0.2240508378043602 0.379408079539104 0
0.3960431873065385 0.5897890023677176 0
-0.1691865983809282 0.1481011192578845 0
-0.2747935282043151 -0.8857662128931157 0
0.3704088641270969 -0.7455913268768511 0
-0.2125285338900284 0.02848716900236344 0
0.6477498417954705 0.4766256744660755 0
-0.1088566416474975 0.2226146073106136 0
0.0490933464673342 -0.2132615829738629 0
0.2591067212173068 -0.7634732597901458 0
0.4622786703451405 0.09708698885606282 0
0.3142362473865508 0.3672235468241212 0
-0.04477669947756128 -0.1894959456141217 0
0.1477214323850475 0.1071031653823102 0
0.1848502781463541 0.1475529751844294 0
-0.3755822858614321 -0.6137071493233102 0
0.09662397733263209 -0.2191390099907329 0
0.1267252229310599 -0.1830765366460704 0
0.2140692852464761 -0.5223039016804043 0
0.2349221346029834 -0.1173117550182623 0
-0.4816729443177841 -0.6735258146520388 0
0.7435254168144797 -0.5810019616257867 0
0.700569916379587 -0.1702796960072835 0
0.3577447077668719 0.02963032474916726 0
-0.6808394283526383 -0.1164437648515837 0
0.6964547405116697 -0.6185913019680838 0
-0.09237414779511649 0.6265073954446793 0
-0.04512098232335041 -0.5942165336706242 0
0.4450460854915232 0.1407464549846279 0
-0.8955023252836738 -0.2650213343371212 0
0.7078567704278034 -0.2848222921475341 0
0.5758387730188725 -0.2775380198720187 0
0.09531113710004208 -0.8422783402180538 0
0.4362091996074833 -0.3193804445330096 0
0.1737349674706309 -0.1904620629552604 0
-0.06562650026103378 0.5795129765299933 0
0.188601831008339 -0.1090432462955299 0
0.01690739360684903 0.6483690705773694 0
-0.2586671826872579 -0.9286472259241879 0
0.2502132116332405 0.927664942921837 0
0.03224362907480682 -0.6836234524275097 0
0.3101225146036948 0.4859221819017678 0
-0.9543122239674485 -0.1152907340224005 0
0.02188490452565468 -0.4493963745795262 0
0.3686192905546384 0.555805036169681 0
-0.709479819094009 -0.4818302140221338 0
0.8538217590447889 -0.1475244473747941 0
-0.7611651964119261 0.3241474053384085 0
0.9362666229942075 0.01655295030570589 0
-0.6191645766100601 0.26173813983699 0
-0.07463817760797435 -0.8179937690938035 0
-0.02377670105119995 0.5747066160838122 0
-0.2103987574060762 0.9363886902259367 0
-0.09861097773790985 -0.6600985070065881 0
-0.7299928191675779 0.4314710082898673 0
0.5220141609209014 0.3766394940385526 0
-0.05245132849824718 -0.04610402785814344 0
-0.09190727214850872 0.1786039731077236 0
-0.1398227418920561 0.7454226775452891 0
-0.1819967922637435 0.06621561671997903 0
0.07170478921500563 -0.1707819781288599 0
-0.8838749865734159 0.3259845631876425 0
0.1007518579052278 0.8218412797483637 0
0.6917213512087302 0.4706285153560343 0
0.8547975816134515 0.3712895156728971 0
-0.1660768919750126 0.7121532590376093 0
0.2871700826300311 -0.7300490636527509 0
-0.3437465365777017 -0.5800434348813528 0
0.1576749947027001 -0.1463399106266458 0
0.3411713983010383 0.07546763204448226 0
-0.03071983766865253 -0.7128675337678937 0
-0.4042183316044358 0.712952682381824 0
-0.3689518824003317 -0.7680596642196296 0
0.5392988915966174 0.3335252582836202 0
0.198770451814523 -0.4801445483818736 0
-0.06597563942936227 -0.1397398339940746 0
0.7042615987792858 0.02051145493687829 0
0.9665464348170562 -0.03797571285184295 0
0.03797571285184349 0.9665464348170544 0
0.3347963233796871 0.9075051444898871 0
0.3359397591327471 -0.9058318296986755 0
-0.9075051444898865 -0.3347963233796868 0
-0.8827895676569312 -0.3030071739219469 0
-0.6605692398408507 0.7106192351125684 0
0.6568778019442398 -0.1652620428479197 0
-0.4085636085109055 -0.8752781259471318 0
-0.08605053735519733 0.05230449563274542 0
-0.1511304456378371 0.1042872220706816 0
0.6840561047592187 -0.3273734179718146 0
-0.8951583814028568 -0.3695611662914415 0
0.7365589246459016 0.4650516259484078 0
-0.6376511334497926 -0.1245467687759432 0
0.129368915034004 0.6286878460762969 0
-0.2551422014483998 -0.5955540461429299 0
-0.5909371784893361 0.2968147745003895 0
-0.07461059342883816 -0.7039589845740962 0
-0.404966291052375 0.878439792208575 0
0.4024599051626955 -0.8751243021533768 0
0.404966291052376 0.8784397922085776 0
-0.3351996245164699 0.9084148236491942 0
-0.3340308880686602 -0.908503177600409 0
0.04173260801710495 0.4066134671527986 0
0.4483154812021685 -0.2375540512581656 0
-0.7042262800002953 -0.5990725897671501 0
-0.1303863731397445 0.8161328103470464 0
-0.6891525602246348 0.6483742849858282 0
0.8024359668222293 -0.2181453003336648 0
-0.1925537925226379 0.6787929555252571 0
0.3252511817684203 0.1214010851469546 0
-0.75442075322208 -0.5949036583024575 0
-0.2136267507021792 -0.9375225120412256 0
-0.121442226943034 0.1419204262954218 0
0.08338981890563571 0.6768774840491677 0
0.4477616347623886 -0.7632832199695135 0
0.1832050512170714 -0.438017646679306 0
0.6549169825642168 -0.7102229393037002 0
0.6563605877104838 0.7087369993817773 0
0.7069749393129336 -0.6535794508530207 0
-0.05057692324362791 0.4208243348048075 0
-0.01896270939157945 0.4560734460033971 0
0.1675536115903637 0.663241918121208 0
0.207538385433203 0.655886045977368 0
-0.2895098013998447 -0.6288200102324198 0
0.7640289456523192 0.5058737093307818 0
0.6482623482107611 0.6679147112472823 0
0.1957220630428427 -0.35911017505424 0
-0.1056552481764785 0.4712654477581416 0
0.3884606670592677 -0.5471166134796613 0
0.6124449024222237 -0.1612920821541877 0
-0.5625255900054331 0.3327034599306848 0
-0.5545637219688818 0.5891136809855211 0
0.3396888837586307 0.5208857035305035 0
-0.212368972470888 -0.6481275343140105 0
0.7463836691258506 -0.3604575274564076 0
-0.5778689084648344 0.5565077546466143 0
0.2116988056086486 -0.4031487001077331 0
-0.1544818769270286 0.4766333064910134 0
-0.861863644988729 -0.4391414611157878 0
0.8612034799861775 -0.4387165417396846 0
-0.8583968335426326 0.4337135429676219 0
-0.1535986346647991 -0.6958782079965115 0
-0.03667655780476135 0.9652743569358004 0
0.03688485608779788 -0.9669838656234485 0
-0.03688194619650127 -0.966985206752622 0
-0.9663057120168196 0.03737089738214989 0
-0.1862969573694104 0.4427490434305005 0
-0.5340652040554491 0.3685211377151482 0
-0.7846286017407762 0.5498372315502121 0
0.711718561195626 0.6561153161004846 0
0.1525162830545113 -0.3525816699043254 0
0.3691381300884264 -0.8537824442788545 0
0.4000977538727725 0.1480469075158702 0
0.3698968018212491 0.7393434183775088 0
-0.2184956337105284 0.6454544103613798 0
0.8618892127319537 0.4419537480688506 0
-0.05598264178143002 0.08872761050901942 0
0.1048265429744892 -0.3438836689065338 0
0.4680372066962625 -0.1548838219716065 0
-0.9262761648960619 -0.072611095025924 0
-0.593871069725327 -0.1342049810446433 0
-0.8957599731493293 0.3673274330236054 0
-0.8381332031937857 0.3929765264030352 0
0.7142583706676956 0.09468632328045926 0
0.2741029358830581 0.7917049459859128 0
-0.5060569268700971 0.4031588772155948 0
-0.1268551860622364 -0.06477976571099255 0
-0.6019930413921779 -0.7527422934457142 0
-0.008633551693027222 0.8386219559722593 0
0.6029308161084749 -0.2387025783903758 0
0.03541459939984145 -0.8646058178689768 0
-0.7693603955999843 -0.4330256606223271 0
-0.6509045028634696 0.5282259526155008 0
-0.117225645041542 -0.1424658026294038 0
-0.2016710984726988 0.6036989073789348 0
-0.4628675739449508 0.3970249575122878 0
0.162380713890341 0.9047827535112541 0
-0.4171654735722198 0.3912907589295669 0
0.8948569074046319 0.3706618674302439 0
-0.6605256125461022 -0.7142587600303985 0
0.1955167351097499 0.3448698778981028 0
0.2691790654002308 0.8927426021491385 0
-0.3733151939785054 0.5058292981830284 0
-0.06924208274058402 0.003824618561313769 0
0.3837269559071592 0.1935011763107769 0
0.05043307882916746 -0.7257912506826714 0
0.8386138166186889 0.4103683790537395 0
0.5268197749089997 0.7529393458272144 0
-0.9035849795687484 0.1796121476030217 0
0.4356665779019481 0.824183774272044 0
0.4712161346886185 0.7950495935815027 0
0.09753959181746837 0.9252146987891341 0
0.3671246662881884 0.2379882661592671 0
0.4824319258349921 -0.07351974759294487 0
-0.2647616656631567 0.9314429313153018 0
-0.403868899045013 0.4688194202710806 0
0.3496444879962294 0.2825114805420308 0
0.9080862427415067 0.3295865325628106 0
0.04840951322664493 0.1605822227749127 0
-0.6538517720225095 0.460783911312267 0
0.3315211545853242 0.3267099360313815 0
-0.520696362989585 -0.4371630754211674 0
-0.07385790976948151 0.1348765287758213 0
-0.6073429333787702 -0.2075053850712905 0
0.7649964385158469 0.3142954208002592 0
0.6712875599201464 0.1038564565341072 0
-0.5704186395077777 -0.4291386799837212 0
0.08248653009922671 0.06264152734663014 0
-0.1639030823606169 0.887006232095878 0
0.4146224440823971 -0.501999173137934 0
-0.5132557737558864 -0.2304154668503549 0
0.3398345918824882 0.8716335084246694 0
0.8276467713674831 -0.1823051459866803 0
0.1437994300898401 -0.1031625926056589 0
-0.815767657770221 -0.3194758709964157 0
0.2880965331189452 0.332828415546007 0
-0.343354388945547 -0.3477540743714275 0
0.7871177332832886 0.551629765278531 0
-0.7724272215753575 0.1239602264192073 0
0.1837955579656406 0.2691904836757973 0
0.657643491706397 -0.5667170797322281 0
0.05977257569700375 -0.1107029546884977 0
-0.001006750372507177 -0.9374752418163433 0
0.9700737616409494 0.03811430190020514 0
0.8856204763586277 0.2941161849908574 0
-0.2010411987110694 -0.3725834431634216 0
-0.2855892667896614 -0.3987660026633918 0
0.008615677809610325 -0.4148954414832981 0
-0.7674786750786478 0.5064023155393023 0
-0.1123818900949206 0.8508819645500402 0
-0.2380859423854235 -0.4056524737459392 0
-0.102557048861068 -0.3825765424925485 0
0.6816210452564887 0.1768582637959595 0
-0.5633369491468924 -0.2175061333910673 0
0.1091405438234715 -0.1405444454579241 0
-0.06796712143033337 -0.4416912413244955 0
0.2422284539097975 0.339106529976347 0
-0.9336154689851469 0.2605015399536972 0
0.6988247564918333 0.3591134374788058 0
-0.9320379187516447 -0.2533885504013004 0
-0.1549701134703059 -0.4277557771658104 0
0.3296618550649902 -0.8460168573366279 0
0.6354056037132828 0.1898724517183248 0
-0.7491039273467052 -0.4740702463514 0
0.6546643600709757 0.3652041641076857 0
0.7617763174877712 0.5921319521266738 0
-0.4658982253114504 0.7516950426704662 0
0.9244493155239236 -0.2301660767793029 0
0.3975137434568441 -0.4652119663646231 0
0.6124073673800033 -0.5613173207086326 0
0.1379000120708759 0.2742356724725872 0
-0.9428236094698876 -0.2092698896062398 0
-0.5154342403247822 -0.7742394209536521 0
-0.9007408145247225 0.06411357088553747 0
-0.4414223726965159 -0.8663401860191906 0
-0.7724016994595473 -0.2774779075410507 0
-0.01418948216462136 0.9356777450106845 0
0.6244200329582674 0.3254649628167922 0
-0.371313831072679 0.8577898641079095 0
-0.6075873564119139 -0.3159291918366919 0
0.598251407257209 0.2799411580784884 0
0.6600441315477262 0.2557406334637534 0
-0.7576198130403718 0.3914443674148863 0
0.06441370466917352 0.8174257473708284 0
0.9446874835147265 -0.20110821823741 0
-0.6013705880273581 0.6972777180069488 0
-0.7826877016362331 0.3547477470012894 0
0.127074346043135 0.05596661809611306 0
0.1109340626206524 0.2402325085838411 0
0.4405312739044064 -0.8235671262082364 0
0.8694446239520244 -0.3715976544112521 0
0.2216082213809281 -0.9016735026672862 0
0.163966635222989 0.7656845122893962 0
0.08946936173837305 -0.06385139184464299 0
0.146913826841014 0.01483426974160627 0
-0.7364580968545164 -0.288823549209636 0
0.6246399111049372 0.7012990854056593 0
0.06751603327946097 0.1156449990404769 0
0.609119692332991 -0.7042167684491283 0
0.9383886993570704 -0.2603459335160527 0
-0.9140526770794797 0.336528169916689 0
-0.2273486267017381 0.4494707032037168 0
0.5569409370766677 -0.5964803727208384 0
-0.1052970793297128 -0.8470246986982313 0
0.07799655310431275 0.201642114867208 0
-0.6046103426336203 -0.3508249793865783 0
0.6995157439420668 0.622092837325038 0
-0.2745800150515498 -0.1653161760044741 0
0.1493823731542313 -0.8830284211612286 0
-0.3711145157191575 0.736042565459918 0
0.9347069624007626 0.2615879661070569 0
-0.5488293669998248 0.6933199838005196 0
-0.7144819538644024 -0.6617985180190775 0
-0.3092131844472447 -0.1974900800078016 0
-0.130563159866202 -0.8720650001598628 0
0.9344090214090044 -0.09083679722197391 0
-0.4865488379574439 0.01042943629662806 0
0.4523264932120975 0.7631158020974186 0
-0.7981916132286494 0.2712748972756904 0
0.843706927068082 -0.4030995075593838 0
-0.9740361286167371 -0.03726370200833756 0
-0.2557857905181629 0.4149014394826064 0
-0.6909256182335206 -0.2962820163654119 0
-0.7493248345653695 0.4669997186747962 0
-0.6032631046180205 0.5249712933291847 0
-0.2747204957033721 -0.847925717501962 0
-0.2275231065362061 -0.1692925568652063 0
-0.4750377180010268 0.0885419164133093 0
-0.9394288924338652 0.02001965493582537 0
-0.4643143575828333 -0.04957426150519697 0
-0.8606376243695825 -0.3752085501476653 0
0.3312766567034809 0.7377095394336688 0
0.4101085288527044 0.8455405869538702 0
-0.1942471985953114 -0.1370264649903052 0
-0.2423323769322924 0.3734930979827323 0
-0.8476231308206751 -0.3076410513556649 0
-0.03984466642899626 -0.8684335172752744 0
-0.6471239897837955 -0.3037523645465797 0
0.8485045586008723 0.4787606743530416 0
-0.7043749755491361 0.4643947222783184 0
-0.4637572526094694 0.1690279334476876 0
0.3431124673782891 -0.8752323484532633 0
0.01825659888350309 0.9403053869783243 0
-0.8732491581046674 -0.3388192086290828 0
0.3836431040209709 -0.4271510375379395 0
-0.919288706108461 -0.1795115103983032 0
-0.4341589067314227 0.1979356296929458 0
0.9370003953865026 0.09097145446953377 0
-0.7729150900278871 -0.5022787896065911 0
0.2336715159062195 0.7899538019651376 0
0.7989509312798286 -0.4006504428582789 0
0.5502788224934007 -0.6939721691206721 0
-0.9200556932220598 0.1199153846252735 0
0.4677837956343741 -0.3005566843280746 0
0.942296088066191 -0.01945674977399199 0
-0.3098195436956894 -0.89017538771764 0
-0.2712210489754814 0.3378348726437568 0
0.8245866250114142 0.1824307103549452 0
0.1371112077622325 0.9260244392745184 0
-0.1561888195338067 -0.1471478363888946 0
-0.04629440639920834 0.7931741930302022 0
-0.301501152573587 0.2975563713619683 0
0.7518099137461941 -0.3958772959989148 0
0.4829759110202814 -0.6220320343035234 0
0.0716510143538497 -0.8645469737943221 0
-0.3309278109180397 0.2659465869482217 0
-0.3426051829680771 0.8779676059367091 0
0.1629232835314049 -0.02658774130541407 0
0.9460118611102252 0.1997884356148122 0
-0.2634476487394991 -0.7769961061104971 0
-0.5003553593212143 -0.3510007026979632 0
0.8776593874435299 0.1554629746954792 0
-0.2730319527060427 0.9026192439766013 0
-0.5099695217483444 0.584938474952046 0
0.9018934811823913 -0.3745525049307469 0
-0.4619214888800797 0.03271733203345816 0
0.4775261511312796 -0.7560020985629924 0
-0.08420569400895574 -0.06634466005877092 0
0.8084472821841058 0.2224558658893259 0
0.5583942486618926 0.746594651519851 0
-0.4500197541702202 0.1080689282103948 0
-0.336078197268284 0.7817944308274433 0
0.5120821646928242 0.7802226211577399 0
-0.1339952427417011 0.8812775208752129 0
0.5297688178465912 -0.585694629158796 0
0.05040218765644357 0.6471838691549986 0
0.4110729260931379 -0.3923462240980001 0
-0.5699237644702873 -0.7599684094711951 0
0.2474909326178871 -0.8660559558594192 0
0.2125320366064886 0.9502022426951197 0
0.6703746163578009 -0.6009359436728816 0
0.7919570999409159 0.2615413675332887 0
-0.603780668273156 0.7277473947402117 0
0.4771888929851988 -0.2222499993477991 0
-0.3155038143209903 0.2048018707661455 0
0.5990069982018287 -0.7323886093255577 0
-0.6084457222829284 0.7588924194103533 0
-0.4295211191378624 -0.05116454625879749 0
-0.1814268192653287 -0.6406374323179139 0
-0.4715021720870622 0.5824929905016324 0
0.6081659055396959 -0.7584251052952388 0
0.1088705047115106 0.1333400470502885 0
-0.5196417761283706 0.7208655691828474 0
0.1316577618164974 -0.06404021600866458 0
-0.02001355871951926 -0.3981584983624959 0
-0.84795776714003 -0.4090566182704929 0
0.02535479511072509 0.6172890406158295 0
0.4428255961015112 -0.6184434652726341 0
-0.9276868441729833 -0.1393740113861865 0
-0.333679516574597 -0.8787110691868744 0
-0.2901733395697597 -0.8252644687768714 0
-0.1766963639636412 0.9163907161948349 0
-0.6574781228216285 0.6759137878980903 0
0.0297136635320974 -0.1788349798581989 0
-0.3726196490370162 0.2046782967936861 0
-0.6041353585700492 -0.7184315858118669 0
-0.4293580283319832 0.7412222209539375 0
0.7343384692155203 0.3082734358473517 0
0.1975008534619965 -0.881995660249305 0
0.7690036148975676 -0.6003898208736196 0
-0.7182014480935388 0.6642313230078639 0
-0.6292242503136554 0.7037518509910433 0
-0.3868028248337477 -0.142928107613686 0
0.6808260559951903 0.6533406678052788 0
$EndNodes
$Elements
113 3976 1 3976
1 1 1 1
1 1 2 
1 2 1 1
2 2 3 
1 3 1 1
3 3 4 
1 4 1 1
4 4 5 
1 5 1 1
5 5 6 
1 6 1 2
6 6 117 
7 117 7 
1 7 1 2
8 7 118 
9 118 8 
1 8 1 1
10 8 9 
1 9 1 1
11 9 10 
1 10 1 1
12 10 11 
1 11 1 1
13 11 12 
1 12 1 1
14 12 13 
1 13 1 2
15 13 119 
16 119 14 
1 14 1 2
17 14 120 
18 120 15 
1 15 1 1
19 15 16 
1 16 1 1
20 16 17 
1 17 1 1
21 17 18 
1 18 1 1
22 18 19 
1 19 1 1
23 19 20 
1 20 1 2
24 20 121 
25 121 21 
1 21 1 2
26 21 122 
27 122 22 
1 22 1 1
28 22 23 
1 23 1 1
29 23 24 
1 24 1 1
30 24 25 
1 25 1 1
31 25 26 
1 26 1 1
32 26 27 
1 27 1 2
33 27 123 
34 123 28 
1 28 1 2
35 28 124 
36 124 29 
1 29 1 1
37 29 30 
1 30 1 1
38 30 31 
1 31 1 1
39 31 32 
1 32 1 1
40 32 33 
1 33 1 1
41 33 34 
1 34 1 2
42 34 125 
43 125 35 
1 35 1 2
44 35 126 
45 126 36 
1 36 1 1
46 36 37 
1 37 1 1
47 37 38 
1 38 1 1
48 38 39 
1 39 1 1
49 39 40 
1 40 1 1
50 40 41 
1 41 1 2
51 41 127 
52 127 42 
1 42 1 2
53 42 128 
54 128 43 
1 43 1 1
55 43 44 
1 44 1 1
56 44 45 
1 45 1 1
57 45 46 
1 46 1 1
58 46 47 
1 47 1 1
59 47 48 
1 48 1 2
60 48 129 
61 129 49 
1 49 1 2
62 49 130 
63 130 50 
1 50 1 1
64 50 51 
1 51 1 1
65 51 52 
1 52 1 1
66 52 53 
1 53 1 1
67 53 54 
1 54 1 1
68 54 55 
1 55 1 2
69 55 131 
70 131 56 
1 56 1 2
71 56 132 
72 132 57 
1 57 1 1
73 57 58 
1 58 1 1
74 58 59 
1 59 1 1
75 59 60 
1 60 1 1
76 60 61 
1 61 1 1
77 61 62 
1 62 1 2
78 62 133 
79 133 63 
1 63 1 2
80 63 134 
81 134 64 
1 64 1 1
82 64 65 
1 65 1 1
83 65 66 
1 66 1 1
84 66 67 
1 67 1 1
85 67 68 
1 68 1 1
86 68 69 
1 69 1 2
87 69 135 
88 135 70 
1 70 1 2
89 70 136 
90 136 71 
1 71 1 1
91 71 72 
1 72 1 1
92 72 73 
1 73 1 1
93 73 74 
1 74 1 1
94 74 75 
1 75 1 1
95 75 76 
1 76 1 2
96 76 137 
97 137 77 
1 77 1 2
98 77 138 
99 138 78 
1 78 1 1
100 78 79 
1 79 1 1
101 79 80 
1 80 1 1
102 80 81 
1 81 1 1
103 81 82 
1 82 1 1
104 82 83 
1 83 1 2
105 83 139 
106 139 84 
1 84 1 2
107 84 140 
108 140 85 
1 85 1 1
109 85 86 
1 86 1 1
110 86 87 
1 87 1 1
111 87 88 
1 88 1 1
112 88 89 
1 89 1 1
113 89 90 
1 90 1 2
114 90 141 
115 141 91 
1 91 1 2
116 91 142 
117 142 92 
1 92 1 1
118 92 93 
1 93 1 1
119 93 94 
1 94 1 1
120 94 95 
1 95 1 1
121 95 96 
1 96 1 1
122 96 97 
1 97 1 2
123 97 143 
124 143 98 
1 98 1 2
125 98 144 
126 144 99 
1 99 1 1
127 99 100 
1 100 1 1
128 100 101 
1 101 1 1
129 101 102 
1 102 1 1
130 102 103 
1 103 1 1
131 103 104 
1 104 1 2
132 104 145 
133 145 105 
1 105 1 2
134 105 146 
135 146 106 
1 106 1 1
136 106 107 
1 107 1 1
137 107 108 
1 108 1 1
138 108 109 
1 109 1 1
139 109 110 
1 110 1 1
140 110 111 
1 111 1 2
141 111 147 
142 147 112 
1 112 1 2
143 112 148 
144 148 1 
2 1 2 3832
145 1340 1474 229 
146 844 1345 1174 
147 1639 1780 1082 
148 1148 1216 966 
149 229 1620 1340 
150 1522 1599 744 
151 1302 1879 1468 
152 1161 1291 642 
153 1599 1662 1006 
154 1452 1675 1449 
155 1125 1126 165 
156 238 1744 235 
157 1522 1662 1599 
158 1647 1820 1807 
159 176 1216 1148 
160 172 1153 1152 
161 603 1251 1249 
162 575 1367 1231 
163 1275 1884 578 
164 183 1101 1100 
165 159 1446 82 
166 960 1684 1281 
167 1047 1332 1163 
168 1245 1666 157 
169 391 1535 1288 
170 1640 1682 1296 
171 578 1634 1275 
172 1288 1535 1079 
173 643 1640 1419 
174 1647 1807 1523 
175 1200 1808 1729 
176 1163 1332 413 
177 1730 1808 1212 
178 853 1675 1452 
179 1679 1707 774 
180 643 1682 1640 
181 173 1462 1107 
182 172 1154 1153 
183 1069 1707 1679 
184 642 1308 1161 
185 1095 1273 153 
186 177 1259 28 
187 1419 1727 643 
188 160 1206 64 
189 1098 1795 1714 
190 778 1290 1129 
191 1215 1902 665 
192 1714 1795 969 
193 744 1979 1522 
194 1063 1745 1629 
195 1717 1721 1494 
196 665 1637 1215 
197 1478 1565 900 
198 1629 1745 197 
199 1494 1721 588 
200 337 1301 400 
201 1023 1565 1478 
202 1241 1626 1257 
203 1107 1108 173 
204 114 1853 1600 
205 554 1256 557 
206 1287 1809 196 
207 400 1301 1122 
208 1191 1744 238 
209 1702 1864 163 
210 1129 1290 1111 
211 1302 1468 1303 
212 603 1897 1251 
213 1468 1879 1053 
214 1126 1904 165 
215 1427 1679 774 
216 704 1334 1333 
217 774 1699 1427 
218 1204 1471 1263 
219 1309 1937 847 
220 1174 1345 1173 
221 1231 1754 575 
222 1811 1816 397 
223 206 1559 1094 
224 1139 1448 931 
225 416 1448 1139 
226 1635 1809 1287 
227 998 1802 1397 
228 177 1918 1087 
229 202 1158 1156 
230 1077 1816 1811 
231 908 1506 1493 
232 242 1779 239 
233 372 1525 288 
234 1123 1525 372 
235 207 1130 1127 
236 1729 1808 149 
237 149 1808 1730 
238 64 1206 134 
239 1112 1759 115 
240 42 1195 166 
241 1726 1748 1167 
242 1033 1309 847 
243 820 1800 1329 
244 1316 1445 159 
245 955 1318 1099 
246 784 1354 1285 
247 206 1704 1559 
248 1492 1507 653 
249 128 1195 42 
250 1094 1702 206 
251 512 1507 508 
252 1285 1354 1286 
253 674 1869 1637 
254 1094 1864 1702 
255 1329 1841 820 
256 1197 1309 1033 
257 118 1780 1639 
258 200 1665 1508 
259 1312 1612 184 
260 82 1446 81 
261 557 1256 566 
262 976 1696 1690 
263 1783 1810 156 
264 230 1689 1488 
265 1099 1318 1192 
266 900 1565 1368 
267 115 1662 1521 
268 1506 1507 1493 
269 792 1804 878 
270 960 1737 1684 
271 1290 1445 1316 
272 1192 1318 414 
273 900 1368 792 
274 335 1303 333 
275 948 1846 1843 
276 1807 1859 1519 
277 1152 1487 172 
278 1521 1943 115 
279 294 1732 1723 
280 390 1485 244 
281 903 1254 1252 
282 1117 1810 1783 
283 193 1210 57 
284 6 1220 199 
285 200 1258 1 
286 62 1198 198 
287 195 1217 29 
288 90 1197 196 
289 184 1608 1312 
290 1204 1756 1471 
291 1723 1732 1043 
292 183 1317 1101 
293 1488 1919 230 
294 179 1309 1197 
295 179 1934 1142 
296 1087 1774 177 
297 979 1781 1768 
298 704 1335 1334 
299 612 1607 617 
300 1793 1863 1054 
301 176 1697 56 
302 116 1859 1807 
303 1637 1869 1215 
304 1392 1465 669 
305 1174 1917 844 
306 1122 1302 400 
307 1120 1837 1825 
308 617 1607 1150 
309 1559 1704 1612 
310 973 1164 985 
311 726 1369 1098 
312 1310 1577 1271 
313 1397 1802 345 
314 1758 1890 1090 
315 1148 1697 176 
316 647 1292 1162 
317 1622 1638 1016 
318 157 1767 1245 
319 784 1743 572 
320 1445 1446 159 
321 1818 1828 1336 
322 1392 1708 1069 
323 1016 1638 1106 
324 57 1210 132 
325 117 1220 6 
326 1 1258 148 
327 133 1198 62 
328 29 1217 124 
329 141 1197 90 
330 104 1582 164 
331 1784 1870 832 
332 339 1301 337 
333 933 1988 1468 
334 1112 1925 1759 
335 114 1863 1793 
336 1069 1708 1707 
337 1390 1844 1189 
338 185 1748 1726 
339 1099 1465 955 
340 153 1823 1095 
341 1106 1638 290 
342 1100 1692 183 
343 806 1828 1818 
344 1208 1954 1857 
345 1768 1781 375 
346 1522 1979 1523 
347 1281 1855 960 
348 921 1569 1465 
349 1245 1797 1666 
350 1626 1955 1257 
351 134 1206 1205 
352 1156 1672 202 
353 1349 1817 500 
354 190 1172 70 
355 105 1190 192 
356 191 1178 14 
357 1693 1798 528 
358 1680 1709 763 
359 1108 1109 173 
360 140 1462 173 
361 1795 1834 969 
362 500 1821 1349 
363 1208 1857 1206 
364 1572 1860 811 
365 1297 1421 1418 
366 973 1262 1164 
367 1365 1709 1680 
368 372 1622 1613 
369 1853 1860 1572 
370 1843 1846 1086 
371 185 1747 1277 
372 1142 1934 1141 
373 790 1552 645 
374 969 1834 614 
375 1485 1779 242 
376 1079 1988 933 
377 1368 1804 792 
378 1613 1622 1016 
379 1785 1905 705 
380 290 1972 1106 
381 1600 1853 1572 
382 1806 1835 1022 
383 1127 1284 207 
384 1449 1675 1448 
385 618 1292 647 
386 1068 1831 1385 
387 1277 1748 185 
388 1039 1170 1164 
389 782 1439 1121 
390 1803 1831 1068 
391 1690 1696 182 
392 613 1890 1758 
393 1334 1335 918 
394 627 1727 1419 
395 1089 1870 1784 
396 1098 1714 726 
397 1142 1309 179 
398 1641 1848 1481 
399 1417 1680 763 
400 1214 1216 1211 
401 1201 1207 1199 
402 28 1259 123 
403 1150 1292 617 
404 1217 1918 177 
405 839 1577 1310 
406 1105 1905 1785 
407 1665 1908 1508 
408 292 1760 1399 
409 1157 1659 1155 
410 653 1965 1492 
411 859 1484 1193 
412 1022 1835 1021 
413 1710 1803 1068 
414 1230 1278 1221 
415 1285 1743 784 
416 1220 1230 1221 
417 1211 1216 1210 
418 1198 1201 1199 
419 235 1744 234 
420 160 1208 1206 
421 500 1817 1352 
422 613 1758 1105 
423 333 1303 485 
424 653 1507 512 
425 1182 1851 938 
426 191 1179 1178 
427 1618 1755 232 
428 1825 1837 126 
429 164 1582 1170 
430 981 1855 1176 
431 508 1507 1506 
432 190 1173 1172 
433 177 1774 1259 
434 1176 1700 981 
435 165 1803 1710 
436 244 1485 242 
437 407 1653 1374 
438 1662 1759 1006 
439 121 1317 20 
440 1164 1170 985 
441 938 1877 1182 
442 1219 1894 1370 
443 1531 1685 203 
444 132 1210 176 
445 175 1220 117 
446 148 1258 174 
447 180 1198 133 
448 124 1217 177 
449 179 1197 141 
450 151 1473 1371 
451 142 1876 1141 
452 1419 1964 627 
453 1273 1648 153 
454 288 1525 292 
455 400 1303 335 
456 1352 1826 500 
457 1182 1877 1180 
458 1171 1194 878 
459 234 1744 1406 
460 1047 1333 1332 
461 1323 1660 412 
462 455 1591 1439 
463 1141 1934 142 
464 1105 1785 613 
465 1128 1479 978 
466 575 1754 1247 
467 555 1576 1248 
468 859 1485 390 
469 1892 1899 1518 
470 1403 1688 1404 
471 870 1194 1171 
472 1366 1713 1043 
473 763 1719 1417 
474 1296 1657 1295 
475 1053 1879 1873 
476 620 1308 622 
477 646 1627 1295 
478 165 1710 1125 
479 372 1613 1123 
480 1421 1614 1412 
481 1086 1846 1322 
482 160 1209 1208 
483 669 1708 1392 
484 1204 1808 1200 
485 933 1468 1053 
486 20 1317 183 
487 1877 1968 1180 
488 1212 1808 1263 
489 1297 1614 1421 
490 455 1374 1147 
491 1365 1654 796 
492 1873 1879 787 
493 1196 1262 499 
494 136 1175 190 
495 120 1181 191 
496 1275 1852 1276 
497 134 1205 63 
498 847 1937 906 
499 1296 1682 1657 
500 1129 1798 1693 
501 1787 1792 478 
502 1404 1706 1705 
503 1139 1618 416 
504 1300 1552 790 
505 1113 1790 648 
506 1003 1484 859 
507 1121 1700 782 
508 207 1765 1130 
509 115 1752 1112 
510 1146 1264 1145 
511 1439 1591 1121 
512 119 170 13 
513 106 169 146 
514 135 171 69 
515 50 172 130 
516 1713 1723 1043 
517 77 1282 137 
518 1322 1847 1086 
519 145 1582 104 
520 1705 1706 497 
521 1129 1693 778 
522 1252 1739 903 
523 1220 1221 199 
524 1404 1688 383 
525 193 1211 1210 
526 1198 1199 198 
527 1634 1852 1275 
528 195 1218 1217 
529 1247 1926 575 
530 1465 1569 669 
531 814 1899 1892 
532 1452 1720 853 
533 1130 1765 162 
534 1627 1771 1004 
535 1602 1654 1556 
536 175 1230 1220 
537 1210 1216 176 
538 1418 1640 1297 
539 1388 1390 1189 
540 1370 1894 1371 
541 180 1201 1198 
542 1147 1591 455 
543 1352 1811 397 
544 1259 1823 123 
545 162 1981 1130 
546 589 1391 1260 
547 554 1858 1256 
548 617 1292 618 
549 1747 1866 1648 
550 1248 1858 555 
551 918 1936 1334 
552 1162 1659 647 
553 1249 1750 603 
554 1039 1862 1170 
555 178 1629 125 
556 1406 1959 234 
557 91 179 141 
558 132 176 56 
559 7 175 117 
560 124 177 28 
561 63 180 133 
562 35 178 125 
563 140 173 84 
564 148 174 112 
565 1004 1300 858 
566 1188 1279 1184 
567 1612 1956 1559 
568 878 1310 1171 
569 1277 1747 1648 
570 870 1267 1194 
571 1374 1653 1147 
572 1266 1287 873 
573 1172 1176 171 
574 611 1607 612 
575 921 1465 1099 
576 1168 1848 1641 
577 645 1552 641 
578 1440 1479 1132 
579 1369 1929 1314 
580 1369 1973 1929 
581 499 1270 1196 
582 1295 1657 646 
583 1193 1485 859 
584 1178 1183 170 
585 712 1836 1805 
586 1448 1675 931 
587 948 1660 1323 
588 1559 1956 1022 
589 1081 1639 1082 
590 1268 1269 983 
591 197 1745 1473 
592 1493 1507 1492 
593 1440 1537 611 
594 1525 1760 292 
595 49 189 129 
596 120 191 14 
597 105 192 145 
598 136 190 70 
599 1169 1748 1276 
600 995 1328 994 
601 954 1262 1196 
602 1766 1822 1587 
603 374 1718 1628 
604 1139 1755 1618 
605 842 1619 1207 
606 1290 1316 1111 
607 955 1465 1392 
608 1807 1820 116 
609 1145 1724 1146 
610 1299 1571 1269 
611 1154 1155 1153 
612 1208 1209 912 
613 1058 1769 1643 
614 1164 1262 954 
615 1491 1763 303 
616 1455 1746 1456 
617 648 1957 1113 
618 170 1279 13 
619 171 1281 69 
620 1255 1298 565 
621 63 1205 180 
622 1216 1880 966 
623 1179 1968 1395 
624 1397 1812 1077 
625 167 1282 77 
626 1138 1912 1906 
627 1805 1836 1073 
628 348 1362 369 
629 983 1596 1268 
630 1154 1672 1156 
631 1367 1849 1231 
632 1508 1777 200 
633 903 1883 1254 
634 239 1779 238 
635 1171 1310 1271 
636 397 1826 1352 
637 1132 1537 1440 
638 1371 1894 151 
639 1003 1486 1484 
640 622 1308 642 
641 1325 1912 1138 
642 174 1762 1257 
643 1132 1479 1128 
644 344 1819 1796 
645 155 1669 1616 
646 1749 1791 1581 
647 1366 1705 497 
648 1269 1571 983 
649 701 1305 1304 
650 1155 1659 1162 
651 959 1928 1916 
652 1537 1607 611 
653 1323 1846 948 
654 1183 1184 170 
655 979 1768 1493 
656 1812 1816 1077 
657 647 1308 620 
658 1188 1683 1279 
659 1260 1391 1382 
660 1262 1460 499 
661 414 1628 1192 
662 156 1810 1140 
663 1162 1292 1151 
664 1291 1935 642 
665 1343 1463 567 
666 1361 1363 1362 
667 178 1974 1629 
668 1184 1279 170 
669 139 1850 1833 
670 901 1532 1267 
671 893 1299 1272 
672 1305 1663 1581 
673 1052 1328 1265 
674 1322 1828 806 
675 1616 1669 1330 
676 443 1442 441 
677 790 1571 1299 
678 1001 1393 1271 
679 892 1315 890 
680 973 1460 1262 
681 1560 1715 236 
682 1093 1920 1635 
683 22 1165 122 
684 78 209 138 
685 1299 1300 790 
686 106 1280 169 
687 1151 1292 1150 
688 1199 1207 1203 
689 873 1315 1266 
690 1033 1913 1197 
691 1799 1820 1655 
692 347 1362 348 
693 882 1645 1298 
694 978 1479 1260 
695 460 1270 468 
696 796 1709 1365 
697 667 1441 821 
698 1161 1659 1157 
699 646 1771 1627 
700 1257 1955 174 
701 1456 1746 967 
702 709 1437 711 
703 1477 1486 1003 
704 1362 1363 369 
705 393 1452 1451 
706 1221 1278 1223 
707 200 1777 1258 
708 1419 1640 1418 
709 564 1410 757 
710 1265 1328 995 
711 1021 1835 1307 
712 1297 1640 1296 
713 858 1300 893 
714 1272 1342 893 
715 1095 1823 1259 
716 1349 1821 388 
717 1260 1479 589 
718 169 1776 1190 
719 1304 1454 701 
720 1581 1663 487 
721 497 1713 1366 
722 160 1667 1209 
723 796 1654 1602 
724 1267 1444 901 
725 1438 1454 1304 
726 701 1442 1305 
727 172 1487 130 
728 1267 1532 1194 
729 1293 1580 365 
730 1153 1162 1151 
731 127 1146 41 
732 1223 1278 1227 
733 1916 1928 1435 
734 1335 1792 1787 
735 706 1341 1339 
736 1301 1802 998 
737 807 1791 1749 
738 1298 1645 1410 
739 1327 1585 396 
740 238 1779 1191 
741 1271 1577 1001 
742 706 1553 1341 
743 1321 1476 1038 
744 1207 1874 842 
745 1328 1441 994 
746 1093 1635 1266 
747 782 1942 1345 
748 1302 1303 400 
749 567 1584 1376 
750 1256 1649 566 
751 1035 1763 1491 
752 413 1796 1163 
753 1195 1696 976 
754 1493 1768 908 
755 1824 1830 1085 
756 1315 1475 890 
757 1833 1865 139 
758 1177 1917 1174 
759 1165 1167 1166 
760 1266 1315 892 
761 468 1270 499 
762 1004 1552 1300 
763 1353 1354 784 
764 605 1824 1085 
765 1395 1832 1179 
766 1319 1323 412 
767 70 1172 135 
768 146 1190 105 
769 14 1178 119 
770 189 1838 1135 
771 1343 1633 1463 
772 1176 1855 171 
773 365 1580 362 
774 1097 1289 871 
775 1083 1534 1389 
776 1628 1718 1192 
777 991 1772 1126 
778 460 1443 1270 
779 996 1373 1372 
780 1420 1510 1364 
781 1311 1312 974 
782 393 1451 214 
783 446 1442 443 
784 1189 1844 1188 
785 1776 1948 1190 
786 1329 1861 1841 
787 565 1926 1255 
788 1030 1861 1329 
789 50 1840 172 
790 1327 1960 1433 
791 970 1917 1177 
792 893 1300 1299 
793 1014 1558 1339 
794 1700 1942 782 
795 1412 1614 365 
796 926 1503 1472 
797 135 1172 171 
798 119 1178 170 
799 169 1190 146 
800 1167 1748 1169 
801 572 1743 570 
802 1165 1166 168 
803 753 1470 1389 
804 13 1279 12 
805 8 1780 118 
806 69 1281 68 
807 1140 1876 156 
808 1026 1437 709 
809 821 1441 1328 
810 662 1373 775 
811 376 1476 1321 
812 715 1403 1402 
813 1360 1362 347 
814 1257 1762 1239 
815 1444 1461 901 
816 1363 1654 1365 
817 574 1353 784 
818 85 1462 140 
819 1141 1876 1140 
820 217 1306 652 
821 369 1510 350 
822 1122 1482 1302 
823 1339 1558 706 
824 1268 1653 407 
825 1318 1505 414 
826 899 1314 1313 
827 775 1373 996 
828 757 1410 947 
829 1308 1659 1161 
830 213 1311 974 
831 965 1273 1095 
832 209 1051 210 
833 389 1342 381 
834 191 1180 1179 
835 1796 1819 1163 
836 1463 1584 567 
837 1138 1906 317 
838 1389 1470 1083 
839 1556 1654 1361 
840 15 1962 120 
841 71 1966 136 
842 214 1451 216 
843 1351 1355 982 
844 1032 1715 1560 
845 189 1953 129 
846 1386 1555 736 
847 1361 1654 1363 
848 1590 1891 1160 
849 255 1319 412 
850 899 1313 663 
851 1030 1888 1861 
852 190 1174 1173 
853 670 1619 842 
854 1333 1334 1332 
855 1426 1428 936 
856 1643 1769 1075 
857 243 1454 1438 
858 1423 1517 917 
859 291 1428 276 
860 990 1283 1017 
861 166 1264 1146 
862 1326 1960 1327 
863 441 1442 701 
864 1326 1555 1386 
865 1472 1503 795 
866 1656 1695 1407 
867 660 1470 753 
868 711 1437 715 
869 393 1928 1452 
870 789 1355 751 
871 1703 1862 1711 
872 1276 1748 1277 
873 435 1436 437 
874 565 1410 564 
875 715 1437 1403 
876 977 1284 1127 
877 1473 1886 197 
878 342 1429 343 
879 1393 1568 423 
880 1295 1627 1000 
881 1097 1445 1289 
882 1288 1503 1078 
883 1364 1510 369 
884 1001 1568 1393 
885 1154 1156 1155 
886 647 1659 1308 
887 113 1674 1324 
888 674 1526 1344 
889 209 210 167 
890 878 1804 1310 
891 958 1382 755 
892 537 1441 667 
893 1436 1478 900 
894 194 1664 1394 
895 893 1342 389 
896 261 1338 385 
897 1260 1382 958 
898 472 1429 342 
899 990 997 991 
900 869 1496 684 
901 1266 1635 1287 
902 1418 1421 1414 
903 1635 1920 150 
904 1221 1222 199 
905 607 1353 574 
906 1289 1445 1290 
907 1195 1914 166 
908 1346 1347 801 
909 172 1840 1154 
910 1422 1517 1423 
911 1358 1359 898 
912 1199 1200 198 
913 1173 1176 1172 
914 193 1212 1211 
915 347 1429 1360 
916 1346 1350 1347 
917 783 1329 984 
918 49 1487 189 
919 656 1439 782 
920 567 1376 449 
921 1255 1691 1298 
922 195 1219 1218 
923 1108 1110 1109 
924 936 1428 291 
925 414 1505 270 
926 890 1475 453 
927 251 1476 376 
928 1437 1688 1403 
929 982 1355 789 
930 980 1788 1742 
931 1303 1468 485 
932 1017 1018 997 
933 1413 1421 1412 
934 629 1383 887 
935 1078 1503 926 
936 437 1436 900 
937 192 1582 145 
938 1703 1711 208 
939 724 1356 841 
940 1434 1504 1041 
941 375 1781 1491 
942 1179 1183 1178 
943 1377 1379 1378 
944 1331 1500 338 
945 1608 1985 1282 
946 1114 1117 1018 
947 428 1563 537 
948 689 1346 801 
949 594 1469 604 
950 309 1377 415 
951 125 1629 34 
952 1414 1421 1413 
953 499 1460 470 
954 147 1626 111 
955 715 1402 716 
956 988 1283 990 
957 1154 1840 1672 
958 753 1387 602 
959 603 1357 548 
960 1271 1393 421 
961 212 1435 393 
962 407 1374 405 
963 772 778 664 
964 459 1443 460 
965 957 958 755 
966 1113 1114 1018 
967 474 1358 898 
968 259 1338 261 
969 990 1017 997 
970 1167 1169 1168 
971 561 1367 575 
972 1190 1948 192 
973 692 1373 662 
974 984 1144 1143 
975 381 1342 387 
976 1282 1985 137 
977 1382 1391 481 
978 180 1202 1201 
979 1127 1130 1128 
980 358 1413 1412 
981 1096 1097 871 
982 191 1181 1180 
983 1051 1435 210 
984 1180 1968 1179 
985 120 1962 1181 
986 640 1375 723 
987 942 1529 1380 
988 943 1406 1405 
989 576 578 438 
990 243 1438 245 
991 977 1127 978 
992 1370 1371 857 
993 213 974 211 
994 506 1398 510 
995 190 1175 1174 
996 406 1307 1306 
997 136 1966 1175 
998 626 1383 629 
999 780 1345 844 
1000 1863 1967 1089 
1001 1363 1364 369 
1002 632 1526 674 
1003 210 212 211 
1004 1098 1369 899 
1005 1337 1338 259 
1006 753 1388 1387 
1007 203 1797 1531 
1008 276 1428 278 
1009 943 1405 776 
1010 991 1126 1125 
1011 417 1467 419 
1012 604 1408 596 
1013 1377 1378 415 
1014 1183 1185 1184 
1015 129 1753 48 
1016 957 977 958 
1017 741 1472 795 
1018 1596 1653 1268 
1019 216 1451 1450 
1020 1167 1168 1166 
1021 953 1039 954 
1022 507 1430 511 
1023 253 1319 255 
1024 977 978 958 
1025 1096 1885 1856 
1026 210 211 167 
1027 602 1387 513 
1028 856 1366 1043 
1029 123 1823 27 
1030 536 1411 535 
1031 319 1381 320 
1032 934 1394 1093 
1033 870 1467 1267 
1034 1127 1128 978 
1035 1284 1690 182 
1036 830 1455 328 
1037 1422 1423 374 
1038 504 1398 506 
1039 257 1337 259 
1040 1359 1564 1556 
1041 336 1331 338 
1042 1196 1496 869 
1043 1402 1403 1401 
1044 451 1343 567 
1045 871 1289 772 
1046 1424 1425 290 
1047 751 1355 749 
1048 761 1370 857 
1049 772 1289 778 
1050 1447 1450 1449 
1051 128 1696 1195 
1052 447 1376 881 
1053 1531 1898 1685 
1054 894 1037 1036 
1055 1411 1888 1030 
1056 1409 1893 321 
1057 823 1396 822 
1058 307 1377 309 
1059 221 1450 1447 
1060 1380 1529 415 
1061 222 406 219 
1062 1307 1868 1021 
1063 343 1429 347 
1064 783 984 907 
1065 1430 1658 511 
1066 1459 1822 1766 
1067 376 1320 1319 
1068 217 652 215 
1069 406 1306 219 
1070 652 1311 215 
1071 768 1395 834 
1072 319 1444 1381 
1073 319 1461 1444 
1074 1027 1407 696 
1075 846 953 869 
1076 1321 1322 1320 
1077 449 1376 445 
1078 1270 1496 1196 
1079 851 1432 1431 
1080 970 1094 971 
1081 886 1392 1069 
1082 264 1422 374 
1083 215 1311 213 
1084 663 1313 406 
1085 1283 1824 605 
1086 753 1389 1388 
1087 1400 1402 1401 
1088 760 1475 1315 
1089 1030 1329 783 
1090 1241 1767 1626 
1091 1240 1242 1241 
1092 1431 1433 848 
1093 1447 1448 416 
1094 350 1510 352 
1095 1455 1456 344 
1096 1017 1113 1018 
1097 383 1706 1404 
1098 598 1408 648 
1099 438 1436 435 
1100 376 1319 253 
1101 1333 1871 704 
1102 1289 1290 778 
1103 755 1382 530 
1104 667 821 819 
1105 477 479 476 
1106 899 1369 1314 
1107 1084 1542 939 
1108 868 1397 1077 
1109 292 1399 293 
1110 421 1393 420 
1111 680 1486 1477 
1112 360 1412 365 
1113 202 1975 1158 
1114 131 1625 55 
1115 280 1424 290 
1116 934 1093 892 
1117 1115 1116 1114 
1118 219 1306 217 
1119 1036 1336 1038 
1120 894 1036 489 
1121 1304 1305 1037 
1122 891 892 890 
1123 317 1946 1138 
1124 578 1436 438 
1125 502 504 503 
1126 851 1431 730 
1127 1400 1401 949 
1128 716 1402 719 
1129 365 1614 1293 
1130 248 894 489 
1131 591 1475 760 
1132 479 1391 589 
1133 413 1331 336 
1134 299 1502 375 
1135 1067 1458 867 
1136 672 1356 724 
1137 444 445 443 
1138 528 1343 451 
1139 873 1033 847 
1140 240 1480 440 
1141 827 846 684 
1142 903 1457 685 
1143 442 443 441 
1144 881 890 453 
1145 502 1399 884 
1146 1272 1515 1342 
1147 412 1337 257 
1148 1403 1404 1401 
1149 984 1143 907 
1150 1363 1365 1364 
1151 901 1461 430 
1152 845 970 855 
1153 846 869 684 
1154 988 990 989 
1155 1165 1726 1167 
1156 174 1955 112 
1157 873 1287 1033 
1158 685 1457 540 
1159 963 1023 965 
1160 734 1386 736 
1161 925 1409 1042 
1162 891 934 892 
1163 1048 1394 934 
1164 881 891 890 
1165 897 1464 1149 
1166 1347 1348 801 
1167 760 847 759 
1168 411 1439 656 
1169 835 938 880 
1170 245 1438 248 
1171 430 1461 315 
1172 1320 1323 1319 
1173 786 1482 843 
1174 440 1480 937 
1175 1267 1467 1444 
1176 440 441 373 
1177 404 407 405 
1178 1244 1245 1242 
1179 856 1043 950 
1180 665 1902 1471 
1181 435 437 434 
1182 1347 1349 1348 
1183 451 567 449 
1184 1509 1510 1420 
1185 468 499 470 
1186 589 1479 1440 
1187 760 873 847 
1188 334 413 336 
1189 475 476 474 
1190 413 1332 1331 
1191 662 775 661 
1192 667 819 668 
1193 806 1847 1322 
1194 510 513 509 
1195 371 1513 324 
1196 1155 1162 1153 
1197 442 444 443 
1198 666 684 466 
1199 537 667 538 
1200 440 442 441 
1201 209 1725 1051 
1202 444 449 445 
1203 447 881 453 
1204 797 1400 949 
1205 1342 1515 387 
1206 658 660 602 
1207 506 509 507 
1208 255 412 257 
1209 793 1495 1050 
1210 429 661 427 
1211 884 1398 504 
1212 996 1063 995 
1213 419 1467 870 
1214 1405 1466 776 
1215 780 844 781 
1216 212 213 211 
1217 483 1440 611 
1218 821 909 819 
1219 445 1376 447 
1220 840 899 663 
1221 1081 1082 924 
1222 419 420 418 
1223 829 957 755 
1224 504 506 505 
1225 576 1634 578 
1226 851 1504 1434 
1227 429 662 661 
1228 388 1970 1349 
1229 819 1330 820 
1230 296 502 501 
1231 417 418 371 
1232 761 857 692 
1233 867 1458 865 
1234 224 1447 416 
1235 949 1366 856 
1236 697 783 745 
1237 376 1321 1320 
1238 598 648 600 
1239 596 1408 598 
1240 240 440 373 
1241 479 480 476 
1242 1566 1567 928 
1243 822 1370 761 
1244 1351 1352 1350 
1245 800 1350 1346 
1246 962 1087 875 
1247 257 259 258 
1248 514 602 513 
1249 323 417 371 
1250 591 759 592 
1251 815 1071 925 
1252 953 954 869 
1253 417 419 418 
1254 684 1496 466 
1255 468 470 469 
1256 1201 1874 1207 
1257 922 1081 924 
1258 251 376 253 
1259 775 996 995 
1260 1067 1459 1458 
1261 591 760 759 
1262 420 1393 423 
1263 1298 1410 565 
1264 502 503 501 
1265 419 421 420 
1266 782 1345 780 
1267 694 1268 407 
1268 537 1563 1441 
1269 362 1580 364 
1270 1071 1409 925 
1271 1450 1451 1449 
1272 520 1453 522 
1273 293 1399 296 
1274 1426 1427 1425 
1275 425 429 427 
1276 1130 1131 1128 
1277 513 1387 590 
1278 479 483 480 
1279 1171 1271 421 
1280 1389 1390 1388 
1281 797 856 799 
1282 336 338 337 
1283 656 780 657 
1284 1243 1244 1242 
1285 815 925 758 
1286 1420 1680 1417 
1287 887 888 649 
1288 433 435 434 
1289 886 1069 936 
1290 1416 1419 1418 
1291 1451 1452 1449 
1292 955 1392 886 
1293 738 815 758 
1294 222 663 406 
1295 1381 1467 417 
1296 724 841 837 
1297 1556 1564 615 
1298 330 1455 344 
1299 412 1660 1337 
1300 470 539 471 
1301 437 792 791 
1302 399 404 403 
1303 425 427 426 
1304 1399 1760 884 
1305 1543 1551 785 
1306 406 1313 1307 
1307 660 753 602 
1308 447 453 448 
1309 1131 1134 1133 
1310 783 907 745 
1311 366 1414 1413 
1312 275 291 276 
1313 409 455 411 
1314 938 1084 939 
1315 370 1377 307 
1316 228 232 231 
1317 768 834 769 
1318 380 389 381 
1319 530 1382 481 
1320 1415 1416 1414 
1321 764 1470 660 
1322 922 924 764 
1323 559 1367 561 
1324 840 1098 899 
1325 1241 1257 1239 
1326 409 1374 455 
1327 307 309 308 
1328 885 886 291 
1329 535 1411 697 
1330 998 1397 868 
1331 699 764 660 
1332 550 555 552 
1333 578 1884 1478 
1334 1453 1558 1014 
1335 459 460 458 
1336 255 257 256 
1337 770 972 831 
1338 445 447 446 
1339 259 261 260 
1340 747 1346 689 
1341 919 1551 1543 
1342 629 649 630 
1343 1039 1164 954 
1344 821 1052 909 
1345 719 1402 1400 
1346 1784 1863 1089 
1347 843 868 789 
1348 1020 1695 1656 
1349 360 365 362 
1350 212 393 214 
1351 1444 1467 1381 
1352 454 591 488 
1353 296 1399 502 
1354 626 629 628 
1355 233 236 235 
1356 775 995 994 
1357 846 1070 953 
1358 1186 1188 1184 
1359 911 1004 858 
1360 272 275 274 
1361 261 263 262 
1362 1113 1115 1114 
1363 638 1375 640 
1364 990 991 989 
1365 546 603 548 
1366 697 1030 783 
1367 506 510 509 
1368 511 650 512 
1369 700 858 389 
1370 464 466 462 
1371 286 372 288 
1372 338 340 339 
1373 405 1374 409 
1374 457 458 456 
1375 1443 1496 1270 
1376 358 1412 360 
1377 868 1077 982 
1378 589 1440 483 
1379 368 380 379 
1380 561 575 563 
1381 557 566 559 
1382 973 985 972 
1383 330 344 332 
1384 1378 1380 415 
1385 689 801 607 
1386 587 588 586 
1387 894 1438 1304 
1388 309 311 310 
1389 356 1413 358 
1390 1003 1610 1477 
1391 278 1424 280 
1392 749 800 747 
1393 280 290 282 
1394 340 342 341 
1395 305 370 307 
1396 656 782 780 
1397 1080 1494 816 
1398 311 313 312 
1399 640 723 644 
1400 1424 1426 1425 
1401 636 665 638 
1402 843 1482 1122 
1403 502 884 504 
1404 504 505 503 
1405 423 425 424 
1406 548 1357 550 
1407 800 1351 1350 
1408 574 784 572 
1409 650 768 651 
1410 1118 1119 1116 
1411 404 694 407 
1412 583 584 582 
1413 240 373 241 
1414 810 862 861 
1415 570 1736 527 
1416 479 589 483 
1417 586 613 584 
1418 670 842 672 
1419 842 1356 672 
1420 437 900 792 
1421 585 586 584 
1422 677 1466 904 
1423 1513 1567 1566 
1424 856 950 799 
1425 460 468 467 
1426 354 366 356 
1427 268 414 270 
1428 1240 1243 1242 
1429 816 1494 588 
1430 473 474 472 
1431 1118 1944 1923 
1432 433 434 432 
1433 221 1447 224 
1434 875 1396 823 
1435 385 456 263 
1436 462 1443 459 
1437 632 674 634 
1438 542 545 544 
1439 313 315 314 
1440 818 1492 1080 
1441 348 369 350 
1442 420 423 422 
1443 380 381 379 
1444 550 1357 555 
1445 508 1506 505 
1446 801 1353 607 
1447 773 1395 768 
1448 1294 1295 1000 
1449 797 949 856 
1450 851 1434 1432 
1451 848 1386 734 
1452 320 1381 323 
1453 935 1048 934 
1454 1097 1446 1445 
1455 566 1367 559 
1456 1432 1433 1431 
1457 431 432 430 
1458 721 797 727 
1459 691 692 662 
1460 1416 1418 1414 
1461 609 1466 677 
1462 248 1438 894 
1463 888 896 649 
1464 382 472 342 
1465 377 430 315 
1466 858 893 389 
1467 263 1422 264 
1468 1358 1564 1359 
1469 309 415 311 
1470 765 922 764 
1471 513 590 509 
1472 453 1475 454 
1473 629 630 628 
1474 1064 1065 867 
1475 665 1375 638 
1476 522 1453 525 
1477 843 998 868 
1478 624 1383 626 
1479 887 889 888 
1480 898 1429 472 
1481 253 255 254 
1482 237 240 239 
1483 886 936 291 
1484 795 932 798 
1485 275 276 274 
1486 455 1439 411 
1487 862 863 861 
1488 771 772 664 
1489 1101 1317 1103 
1490 732 848 734 
1491 1371 1372 857 
1492 730 1431 732 
1493 719 1400 721 
1494 539 540 471 
1495 658 699 660 
1496 866 867 865 
1497 507 511 508 
1498 622 642 624 
1499 232 233 231 
1500 888 1464 897 
1501 889 1464 888 
1502 305 307 306 
1503 885 955 886 
1504 404 405 403 
1505 894 1304 1037 
1506 366 1413 356 
1507 323 371 324 
1508 404 1515 694 
1509 470 471 469 
1510 224 416 226 
1511 366 1415 1414 
1512 464 666 466 
1513 316 1461 319 
1514 539 770 685 
1515 313 377 315 
1516 797 799 727 
1517 800 1346 747 
1518 786 843 789 
1519 477 1391 479 
1520 1415 1417 1416 
1521 786 789 751 
1522 1072 1138 1071 
1523 1049 1107 1048 
1524 506 507 505 
1525 617 618 616 
1526 721 1400 797 
1527 925 1042 926 
1528 275 885 291 
1529 452 528 451 
1530 514 658 602 
1531 475 477 476 
1532 510 514 513 
1533 545 546 544 
1534 1376 1584 881 
1535 370 1379 1377 
1536 693 761 692 
1537 850 1843 1830 
1538 334 336 335 
1539 696 1407 810 
1540 1007 1191 905 
1541 468 469 467 
1542 629 887 649 
1543 261 385 263 
1544 682 1477 1027 
1545 1156 1158 1157 
1546 259 260 258 
1547 724 837 725 
1548 591 592 488 
1549 738 758 739 
1550 275 1505 885 
1551 1371 1473 1372 
1552 264 374 266 
1553 539 685 540 
1554 338 339 337 
1555 736 738 737 
1556 642 1383 624 
1557 474 898 472 
1558 1093 1266 892 
1559 762 822 761 
1560 1447 1449 1448 
1561 863 865 864 
1562 694 1515 1272 
1563 694 1269 1268 
1564 411 656 568 
1565 865 1458 992 
1566 218 1450 221 
1567 382 1500 918 
1568 707 1489 1026 
1569 650 773 768 
1570 1426 1679 1427 
1571 257 258 256 
1572 366 1509 1415 
1573 868 982 789 
1574 581 582 580 
1575 700 911 858 
1576 340 382 342 
1577 343 347 346 
1578 1339 1341 1340 
1579 263 264 262 
1580 315 1461 316 
1581 844 845 781 
1582 904 905 698 
1583 1042 1261 1078 
1584 540 1457 542 
1585 734 736 735 
1586 342 343 341 
1587 380 700 389 
1588 1294 1296 1295 
1589 431 433 432 
1590 870 1171 421 
1591 457 459 458 
1592 214 215 213 
1593 1087 1396 875 
1594 1158 1160 1159 
1595 1415 1509 1420 
1596 672 724 690 
1597 316 319 318 
1598 328 1455 330 
1599 1014 1339 1015 
1600 932 1288 1079 
1601 580 1481 577 
1602 460 467 458 
1603 885 1505 1318 
1604 505 1506 503 
1605 665 1471 1375 
1606 666 827 684 
1607 837 912 838 
1608 818 1080 816 
1609 466 1443 462 
1610 236 237 235 
1611 932 1079 933 
1612 909 1330 819 
1613 483 611 484 
1614 377 431 430 
1615 1119 1142 1141 
1616 1036 1038 489 
1617 904 1007 905 
1618 450 451 449 
1619 255 256 254 
1620 1160 1921 1590 
1621 677 904 698 
1622 866 1064 867 
1623 972 1005 831 
1624 678 1486 680 
1625 1024 1273 965 
1626 385 457 456 
1627 792 878 791 
1628 320 323 322 
1629 261 262 260 
1630 427 428 426 
1631 347 348 346 
1632 437 791 434 
1633 340 341 339 
1634 876 962 875 
1635 1186 1189 1188 
1636 1338 1540 385 
1637 765 923 922 
1638 1065 1067 867 
1639 1344 1526 896 
1640 863 866 865 
1641 473 475 474 
1642 770 831 685 
1643 453 454 448 
1644 340 1500 382 
1645 236 1480 237 
1646 775 994 661 
1647 1185 1186 1184 
1648 456 1422 263 
1649 425 426 424 
1650 309 310 308 
1651 352 1510 1509 
1652 612 617 616 
1653 336 337 335 
1654 594 604 596 
1655 932 933 798 
1656 592 1469 594 
1657 834 835 769 
1658 732 1431 848 
1659 491 1516 1501 
1660 352 1509 354 
1661 780 781 657 
1662 1156 1157 1155 
1663 1522 1523 1520 
1664 270 1505 272 
1665 904 1466 1405 
1666 382 473 472 
1667 896 1526 649 
1668 1441 1563 994 
1669 810 1407 862 
1670 655 664 529 
1671 741 795 743 
1672 241 1454 243 
1673 768 769 651 
1674 846 1384 1070 
1675 699 765 764 
1676 445 446 443 
1677 415 1529 311 
1678 311 312 310 
1679 795 798 743 
1680 210 1435 212 
1681 454 1475 591 
1682 577 1481 686 
1683 307 308 306 
1684 770 973 972 
1685 1348 1354 1353 
1686 1244 1246 1245 
1687 432 901 430 
1688 750 751 749 
1689 1063 1265 995 
1690 608 1466 609 
1691 511 512 508 
1692 618 647 620 
1693 476 1358 474 
1694 441 701 373 
1695 534 535 533 
1696 313 314 312 
1697 428 537 496 
1698 313 1529 377 
1699 463 464 462 
1700 777 840 663 
1701 380 1524 700 
1702 748 749 747 
1703 364 1524 368 
1704 799 1504 727 
1705 362 364 363 
1706 1521 1522 1520 
1707 1474 1554 229 
1708 282 284 283 
1709 739 1472 741 
1710 888 897 896 
1711 323 1381 417 
1712 237 1480 240 
1713 1542 1978 1692 
1714 874 875 823 
1715 810 861 860 
1716 897 966 896 
1717 284 286 285 
1718 578 1478 1436 
1719 819 820 668 
1720 865 992 864 
1721 303 305 304 
1722 467 1517 458 
1723 650 651 512 
1724 1495 1518 1050 
1725 315 316 314 
1726 542 1457 545 
1727 787 1482 786 
1728 360 362 361 
1729 852 871 772 
1730 299 375 301 
1731 332 334 333 
1732 1229 1508 1228 
1733 364 368 367 
1734 387 1515 399 
1735 670 672 671 
1736 1233 1508 1229 
1737 1082 1083 924 
1738 996 1745 1063 
1739 847 906 759 
1740 970 971 855 
1741 978 1260 958 
1742 368 379 378 
1743 1181 1182 1180 
1744 278 1428 1424 
1745 682 1027 696 
1746 7 1639 175 
1747 420 422 418 
1748 248 489 249 
1749 1014 1015 825 
1750 447 448 446 
1751 1339 1340 1015 
1752 470 1460 539 
1753 618 620 619 
1754 634 636 635 
1755 673 776 608 
1756 677 698 678 
1757 776 1466 608 
1758 456 1517 1422 
1759 286 288 287 
1760 463 465 464 
1761 1122 1301 998 
1762 583 585 584 
1763 636 638 637 
1764 863 864 861 
1765 632 634 633 
1766 791 1532 434 
1767 557 559 558 
1768 559 561 560 
1769 749 1355 800 
1770 540 542 541 
1771 700 1524 999 
1772 1234 1235 1233 
1773 218 219 217 
1774 630 632 631 
1775 221 224 223 
1776 778 1693 664 
1777 680 1477 682 
1778 1119 1483 1142 
1779 509 1430 507 
1780 466 1496 1443 
1781 554 557 556 
1782 825 943 776 
1783 326 830 328 
1784 673 1014 825 
1785 1359 1361 1360 
1786 673 1453 1014 
1787 1226 1228 1224 
1788 917 1517 467 
1789 815 1072 1071 
1790 358 360 359 
1791 825 1488 943 
1792 638 640 639 
1793 1041 1504 799 
1794 644 670 645 
1795 752 786 751 
1796 381 387 386 
1797 561 563 562 
1798 611 612 484 
1799 423 424 422 
1800 721 727 722 
1801 276 278 277 
1802 240 241 239 
1803 760 1315 873 
1804 280 282 281 
1805 429 691 662 
1806 220 222 219 
1807 1405 1406 1007 
1808 770 1460 973 
1809 863 1511 866 
1810 552 554 553 
1811 216 217 215 
1812 640 644 641 
1813 1060 1061 1056 
1814 656 657 568 
1815 1104 1105 1102 
1816 278 280 279 
1817 581 583 582 
1818 1135 1953 189 
1819 432 1532 901 
1820 563 565 564 
1821 732 734 733 
1822 630 1526 632 
1823 1115 1118 1116 
1824 229 1554 225 
1825 719 721 720 
1826 1152 1153 1151 
1827 587 816 588 
1828 1134 1135 1133 
1829 667 668 538 
1830 1337 1642 1338 
1831 728 851 730 
1832 1524 1580 999 
1833 891 935 934 
1834 356 358 357 
1835 1170 1862 164 
1836 245 248 247 
1837 925 926 758 
1838 482 530 481 
1839 542 544 543 
1840 354 356 355 
1841 965 1095 964 
1842 1119 1140 1116 
1843 857 1373 692 
1844 1119 1141 1140 
1845 439 1530 579 
1846 272 274 273 
1847 1218 1839 1396 
1848 897 1149 1148 
1849 585 587 586 
1850 612 616 615 
1851 1118 1923 1483 
1852 1191 1193 905 
1853 352 354 353 
1854 405 409 408 
1855 288 292 289 
1856 757 947 945 
1857 270 272 271 
1858 550 552 551 
1859 626 628 627 
1860 609 677 676 
1861 1250 1531 1246 
1862 525 673 608 
1863 728 1504 851 
1864 1059 1520 1519 
1865 1232 1233 1229 
1866 1194 1532 791 
1867 860 1601 1600 
1868 620 622 621 
1869 950 1092 1041 
1870 821 1328 1052 
1871 326 1513 830 
1872 736 1555 738 
1873 224 226 225 
1874 483 484 480 
1875 933 1053 1031 
1876 228 1618 232 
1877 546 548 547 
1878 579 581 580 
1879 711 715 714 
1880 409 411 410 
1881 350 352 351 
1882 673 825 776 
1883 525 608 526 
1884 226 228 227 
1885 334 335 333 
1886 268 270 269 
1887 539 1460 770 
1888 1511 1512 1066 
1889 748 750 749 
1890 228 231 230 
1891 348 350 349 
1892 831 903 685 
1893 716 719 718 
1894 218 221 220 
1895 537 538 496 
1896 423 1568 425 
1897 866 1511 1066 
1898 253 254 252 
1899 754 755 530 
1900 548 550 549 
1901 111 1626 157 
1902 752 787 786 
1903 387 399 398 
1904 1060 1062 1061 
1905 938 939 880 
1906 979 1492 818 
1907 691 693 692 
1908 624 626 625 
1909 1359 1360 898 
1910 419 870 421 
1911 707 1026 709 
1912 622 624 623 
1913 1072 1325 1138 
1914 1015 1488 825 
1915 338 1500 340 
1916 727 728 722 
1917 301 1491 303 
1918 233 235 234 
1919 738 739 737 
1920 736 737 735 
1921 1094 1559 971 
1922 1175 1177 1174 
1923 427 1563 428 
1924 319 320 318 
1925 305 306 304 
1926 1394 1881 194 
1927 1059 1521 1520 
1928 702 849 465 
1929 913 951 915 
1930 746 747 689 
1931 266 268 267 
1932 1272 1299 1269 
1933 618 619 616 
1934 750 752 751 
1935 1069 1679 936 
1936 492 1538 402 
1937 232 1560 233 
1938 493 1501 969 
1939 399 403 401 
1940 939 1542 941 
1941 333 485 331 
1942 503 908 501 
1943 221 223 220 
1944 935 1049 1048 
1945 264 266 265 
1946 532 533 531 
1947 440 937 442 
1948 296 501 297 
1949 999 1000 911 
1950 608 609 526 
1951 536 1903 1411 
1952 525 1453 673 
1953 1055 1498 1058 
1954 323 324 322 
1955 1049 1108 1107 
1956 693 762 761 
1957 1042 1078 926 
1958 688 689 607 
1959 377 1529 942 
1960 966 1344 896 
1961 482 531 530 
1962 697 1411 1030 
1963 1293 1294 1000 
1964 793 1050 1008 
1965 324 1513 326 
1966 375 1491 301 
1967 904 1405 1007 
1968 343 346 345 
1969 34 1629 197 
1970 999 1580 1293 
1971 762 823 822 
1972 444 450 449 
1973 606 607 574 
1974 1348 1353 801 
1975 1058 1059 1057 
1976 1110 1111 1109 
1977 249 1476 251 
1978 507 508 505 
1979 573 574 572 
1980 862 1511 863 
1981 1158 1159 1157 
1982 1029 1498 1055 
1983 286 1622 372 
1984 724 725 690 
1985 491 1501 493 
1986 876 963 962 
1987 777 1002 840 
1988 534 536 535 
1989 994 1563 661 
1990 272 1505 275 
1991 721 722 720 
1992 734 735 733 
1993 959 1096 871 
1994 251 253 252 
1995 1055 1056 1054 
1996 951 960 952 
1997 481 1391 477 
1998 933 1031 798 
1999 571 572 570 
2000 399 1515 404 
2001 436 1530 439 
2002 800 1355 1351 
2003 795 1503 932 
2004 329 1535 391 
2005 727 1504 728 
2006 1057 1060 1056 
2007 354 1509 366 
2008 1253 1531 1250 
2009 458 1517 456 
2010 827 1384 846 
2011 1137 1152 1151 
2012 382 918 473 
2013 311 1529 313 
2014 371 1567 1513 
2015 837 838 725 
2016 1712 1722 519 
2017 303 304 302 
2018 579 580 577 
2019 332 333 331 
2020 698 1486 678 
2021 569 570 527 
2022 223 1539 220 
2023 268 1628 414 
2024 416 1618 226 
2025 1285 1286 902 
2026 284 285 283 
2027 672 690 671 
2028 1055 1058 1057 
2029 577 686 576 
2030 98 165 143 
2031 42 166 127 
2032 122 168 21 
2033 138 167 77 
2034 843 1122 998 
2035 979 1493 1492 
2036 517 1034 515 
2037 1055 1057 1056 
2038 1411 1903 1888 
2039 1177 1864 970 
2040 697 745 683 
2041 579 826 581 
2042 677 678 676 
2043 1226 1229 1228 
2044 1117 1764 1651 
2045 874 876 875 
2046 1234 1236 1235 
2047 461 462 459 
2048 1232 1234 1233 
2049 454 488 487 
2050 815 1555 1072 
2051 897 1148 966 
2052 696 810 809 
2053 362 363 361 
2054 1031 1518 1495 
2055 381 386 379 
2056 237 239 238 
2057 493 969 614 
2058 630 631 628 
2059 364 367 363 
2060 1398 1548 510 
2061 1203 1756 1204 
2062 515 1538 492 
2063 461 463 462 
2064 276 277 274 
2065 636 637 635 
2066 634 635 633 
2067 730 732 731 
2068 649 1526 630 
2069 802 859 390 
2070 368 1524 380 
2071 540 541 471 
2072 638 639 637 
2073 1396 1918 1218 
2074 1118 1483 1119 
2075 1321 1828 1322 
2076 670 671 645 
2077 546 547 544 
2078 912 913 838 
2079 1389 1534 1390 
2080 368 378 367 
2081 306 486 304 
2082 559 560 558 
2083 1221 1223 1222 
2084 216 1450 218 
2085 992 1073 993 
2086 986 988 987 
2087 282 283 281 
2088 561 562 560 
2089 632 633 631 
2090 214 216 215 
2091 286 287 285 
2092 1199 1203 1200 
2093 557 558 556 
2094 360 361 359 
2095 293 296 295 
2096 1212 1213 1211 
2097 532 534 533 
2098 590 1430 509 
2099 702 850 849 
2100 1415 1420 1417 
2101 745 927 683 
2102 644 645 641 
2103 290 1638 282 
2104 485 1535 331 
2105 746 748 747 
2106 348 349 346 
2107 422 1567 418 
2108 885 1318 955 
2109 640 641 639 
2110 1424 1428 1426 
2111 759 1469 592 
2112 866 1066 1064 
2113 434 1532 432 
2114 719 720 718 
2115 331 1535 329 
2116 301 303 302 
2117 503 1506 908 
2118 1110 1129 1111 
2119 947 961 945 
2120 218 220 219 
2121 1286 1586 902 
2122 563 564 562 
2123 554 556 553 
2124 581 1541 583 
2125 288 289 287 
2126 950 1041 799 
2127 469 1588 917 
2128 636 1637 665 
2129 405 408 403 
2130 358 359 357 
2131 212 214 213 
2132 469 917 467 
2133 741 743 742 
2134 280 281 279 
2135 542 543 541 
2136 905 1484 698 
2137 1477 1610 1027 
2138 954 1196 869 
2139 817 818 816 
2140 411 568 410 
2141 917 1631 1423 
2142 1059 1519 1057 
2143 1029 1055 1054 
2144 278 279 277 
2145 429 1568 691 
2146 409 410 408 
2147 620 621 619 
2148 552 553 551 
2149 292 293 289 
2150 674 1637 634 
2151 533 1547 531 
2152 233 234 231 
2153 739 741 740 
2154 463 702 465 
2155 1361 1362 1360 
2156 1324 1673 113 
2157 941 1100 1091 
2158 598 600 599 
2159 478 481 477 
2160 715 716 714 
2161 522 525 524 
2162 330 332 331 
2163 356 357 355 
2164 1793 1853 114 
2165 758 1472 739 
2166 835 880 879 
2167 373 1454 241 
2168 452 529 528 
2169 374 1628 266 
2170 354 355 353 
2171 1252 1253 1250 
2172 241 243 242 
2173 1294 1297 1296 
2174 224 225 223 
2175 1057 1519 1060 
2176 932 1503 1288 
2177 525 526 524 
2178 442 1497 444 
2179 486 1514 304 
2180 272 273 271 
2181 626 627 625 
2182 743 1495 793 
2183 924 1470 764 
2184 700 999 911 
2185 550 551 549 
2186 316 318 317 
2187 682 696 695 
2188 258 490 256 
2189 226 227 225 
2190 1072 1555 1326 
2191 464 1593 666 
2192 228 230 227 
2193 223 1554 1539 
2194 1023 1024 965 
2195 622 623 621 
2196 694 1272 1269 
2197 352 353 351 
2198 600 605 601 
2199 1029 1054 1028 
2200 514 659 658 
2201 937 1497 442 
2202 644 1619 670 
2203 728 730 729 
2204 919 1044 920 
2205 270 271 269 
2206 211 1282 167 
2207 1050 1112 1008 
2208 264 265 262 
2209 387 398 386 
2210 1012 1013 1002 
2211 548 549 547 
2212 592 594 593 
2213 1276 1277 1274 
2214 655 771 664 
2215 260 1499 258 
2216 624 625 623 
2217 343 345 341 
2218 1131 1133 1132 
2219 482 532 531 
2220 1034 1538 515 
2221 523 527 521 
2222 350 351 349 
2223 480 1358 476 
2224 583 1541 824 
2225 1203 1204 1200 
2226 612 615 484 
2227 699 882 765 
2228 222 777 663 
2229 941 1542 1100 
2230 444 1497 450 
2231 951 952 915 
2232 450 452 451 
2233 436 438 435 
2234 216 218 217 
2235 268 269 267 
2236 1212 1263 1213 
2237 1012 1554 1474 
2238 1223 1224 1222 
2239 1011 1324 1010 
2240 891 1584 935 
2241 337 400 335 
2242 535 697 683 
2243 478 482 481 
2244 810 860 809 
2245 1240 1576 1243 
2246 378 1490 812 
2247 732 733 731 
2248 399 401 398 
2249 826 1541 581 
2250 1692 1978 205 
2251 680 682 681 
2252 320 322 321 
2253 304 1514 302 
2254 377 942 431 
2255 1186 1544 1189 
2256 963 965 964 
2257 266 267 265 
2258 237 238 235 
2259 532 704 534 
2260 999 1293 1000 
2261 254 395 252 
2262 1252 1254 1253 
2263 579 1530 826 
2264 1359 1556 1361 
2265 1009 1010 794 
2266 861 1601 860 
2267 225 1554 223 
2268 122 1165 168 
2269 138 209 167 
2270 1237 1238 1236 
2271 771 852 772 
2272 526 1527 524 
2273 878 1194 791 
2274 1240 1241 1239 
2275 688 746 689 
2276 1185 1187 1186 
2277 1433 1931 1327 
2278 310 396 308 
2279 1193 1484 905 
2280 457 461 459 
2281 516 706 518 
2282 325 1895 1261 
2283 1249 1250 1246 
2284 600 601 599 
2285 248 249 247 
2286 401 1516 491 
2287 691 1568 1001 
2288 705 1481 580 
2289 1137 1151 1150 
2290 582 705 580 
2291 606 688 607 
2292 802 1003 859 
2293 738 1555 815 
2294 1336 1791 807 
2295 678 680 679 
2296 1235 1924 1777 
2297 573 606 574 
2298 316 317 314 
2299 977 1690 1284 
2300 703 1019 803 
2301 306 1585 486 
2302 56 1697 131 
2303 158 1625 1590 
2304 849 986 910 
2305 494 515 492 
2306 1009 1011 1010 
2307 877 979 818 
2308 798 1495 743 
2309 1539 1554 1012 
2310 273 1489 707 
2311 233 1560 236 
2312 928 1567 422 
2313 1372 1373 857 
2314 379 1490 378 
2315 571 573 572 
2316 610 1551 919 
2317 297 1502 299 
2318 1590 1625 1149 
2319 610 919 766 
2320 583 824 585 
2321 258 1499 490 
2322 849 910 465 
2323 839 874 823 
2324 992 993 864 
2325 4 152 3 
2326 60 149 59 
2327 88 150 87 
2328 32 151 31 
2329 227 229 225 
2330 1018 1651 997 
2331 1019 1020 803 
2332 609 676 675 
2333 919 1543 1044 
2334 1225 1226 1224 
2335 547 1569 544 
2336 728 729 722 
2337 1073 1074 993 
2338 1364 1680 1420 
2339 696 809 695 
2340 55 158 54 
2341 83 159 82 
2342 111 157 110 
2343 9 154 8 
2344 27 153 26 
2345 37 155 36 
2346 65 160 64 
2347 93 156 92 
2348 1009 1075 1011 
2349 364 1580 1524 
2350 661 1563 427 
2351 1159 1291 1161 
2352 569 571 570 
2353 220 1539 222 
2354 428 496 495 
2355 72 163 71 
2356 48 162 47 
2357 16 161 15 
2358 104 164 103 
2359 439 576 438 
2360 241 242 239 
2361 302 1514 394 
2362 1012 1474 1013 
2363 895 948 850 
2364 587 817 816 
2365 385 1540 457 
2366 403 1516 401 
2367 777 1012 1002 
2368 605 1085 601 
2369 520 1558 1453 
2370 980 1029 1028 
2371 274 1489 273 
2372 1231 1232 1229 
2373 1005 1948 1776 
2374 835 879 769 
2375 465 1593 464 
2376 1484 1486 698 
2377 493 614 494 
2378 743 793 742 
2379 1244 1249 1246 
2380 926 1472 758 
2381 1131 1132 1128 
2382 1261 1882 325 
2383 741 742 740 
2384 739 740 737 
2385 564 757 756 
2386 651 653 512 
2387 251 252 250 
2388 845 855 854 
2389 418 1567 371 
2390 1305 1581 1037 
2391 1072 1326 1325 
2392 302 394 300 
2393 609 675 526 
2394 523 569 527 
2395 813 1040 1025 
2396 55 1625 158 
2397 592 593 488 
2398 243 244 242 
2399 535 683 533 
2400 682 695 681 
2401 461 1574 463 
2402 1117 1783 1764 
2403 757 945 944 
2404 594 596 595 
2405 378 812 384 
2406 1213 1214 1211 
2407 254 1533 395 
2408 454 487 448 
2409 428 495 426 
2410 516 518 517 
2411 960 981 952 
2412 1044 1045 920 
2413 1360 1429 898 
2414 329 391 327 
2415 1031 1495 798 
2416 345 1812 1397 
2417 113 1698 1674 
2418 1523 1979 1647 
2419 1251 1252 1250 
2420 903 1739 1457 
2421 935 1584 1463 
2422 961 1124 1123 
2423 320 321 318 
2424 1083 1470 924 
2425 1600 1601 1088 
2426 243 245 244 
2427 62 198 61 
2428 90 196 89 
2429 30 195 29 
2430 58 193 57 
2431 86 194 85 
2432 2 200 1 
2433 34 197 33 
2434 6 199 5 
2435 401 491 402 
2436 701 1454 373 
2437 425 1568 429 
2438 1024 1274 1273 
2439 489 1476 249 
2440 596 598 597 
2441 493 494 492 
2442 678 679 676 
2443 249 251 250 
2444 475 478 477 
2445 256 1533 254 
2446 516 517 515 
2447 1464 1590 1149 
2448 767 975 833 
2449 494 516 515 
2450 730 731 729 
2451 1234 1237 1236 
2452 1255 1926 1247 
2453 750 814 752 
2454 543 921 804 
2455 262 1536 260 
2456 906 1469 759 
2457 711 714 713 
2458 716 718 717 
2459 324 325 322 
2460 1010 1592 794 
2461 1488 1689 943 
2462 680 681 679 
2463 1540 1574 461 
2464 702 895 850 
2465 1135 1137 1136 
2466 735 883 733 
2467 260 1536 1499 
2468 491 493 492 
2469 703 802 390 
2470 1237 1248 1238 
2471 1085 1086 601 
2472 1499 1786 1782 
2473 709 711 710 
2474 921 1099 929 
2475 501 1502 297 
2476 273 707 498 
2477 296 297 295 
2478 424 928 422 
2479 1249 1251 1250 
2480 691 1001 693 
2481 1000 1627 911 
2482 710 712 708 
2483 654 808 788 
2484 616 1602 615 
2485 913 915 914 
2486 671 790 645 
2487 707 709 708 
2488 881 1584 891 
2489 246 390 244 
2490 408 1516 403 
2491 1159 1161 1157 
2492 1226 1231 1229 
2493 659 1546 658 
2494 324 326 325 
2495 809 811 695 
2496 808 1032 930 
2497 845 854 781 
2498 1237 1256 1248 
2499 912 1954 1208 
2500 1516 1570 1501 
2501 633 643 631 
2502 564 756 562 
2503 544 1569 543 
2504 639 646 637 
2505 944 946 756 
2506 754 829 755 
2507 762 839 823 
2508 568 726 410 
2509 817 877 818 
2510 556 774 553 
2511 518 519 517 
2512 658 1546 699 
2513 1340 1620 1015 
2514 522 524 523 
2515 817 968 877 
2516 560 805 558 
2517 675 1527 526 
2518 401 402 398 
2519 703 803 802 
2520 720 1545 718 
2521 681 836 679 
2522 549 669 547 
2523 1223 1225 1224 
2524 961 1123 945 
2525 491 492 402 
2526 1016 1106 946 
2527 669 1569 547 
2528 1133 1537 1132 
2529 490 1533 256 
2530 293 294 289 
2531 621 796 619 
2532 518 520 519 
2533 1223 1227 1225 
2534 361 388 359 
2535 725 983 690 
2536 712 1805 1459 
2537 1473 1745 1372 
2538 625 763 623 
2539 301 302 300 
2540 1135 1136 1133 
2541 277 1489 274 
2542 1038 1476 489 
2543 1045 1047 1046 
2544 813 902 384 
2545 433 436 435 
2546 874 1368 876 
2547 919 920 766 
2548 457 1540 461 
2549 43 1696 128 
2550 378 384 367 
2551 543 804 541 
2552 357 500 355 
2553 1324 1646 1010 
2554 699 1546 882 
2555 935 1463 1049 
2556 767 832 717 
2557 386 1490 379 
2558 265 1536 262 
2559 281 383 279 
2560 793 1008 794 
2561 1501 1714 969 
2562 980 1028 833 
2563 222 1539 777 
2564 1025 1285 902 
2565 793 794 742 
2566 1213 1215 1214 
2567 974 1282 211 
2568 520 522 521 
2569 510 1548 514 
2570 330 331 329 
2571 706 1558 518 
2572 777 1539 1012 
2573 757 944 756 
2574 471 1588 469 
2575 1227 1255 1247 
2576 598 599 597 
2577 232 1755 1560 
2578 614 1553 494 
2579 1489 1583 1026 
2580 273 498 271 
2581 285 497 283 
2582 939 941 940 
2583 650 1658 773 
2584 981 1121 952 
2585 538 1551 496 
2586 299 301 300 
2587 308 1585 306 
2588 864 1601 861 
2589 716 717 714 
2590 746 1006 748 
2591 930 931 788 
2592 353 397 351 
2593 514 1548 659 
2594 1187 1544 1186 
2595 769 1549 651 
2596 269 392 267 
2597 328 330 329 
2598 722 1594 720 
2599 246 703 390 
2600 812 813 384 
2601 913 914 838 
2602 245 247 246 
2603 988 989 987 
2604 293 295 294 
2605 531 754 530 
2606 1512 1695 1020 
2607 1008 1009 794 
2608 1047 1163 1046 
2609 1293 1614 1294 
2610 1978 1987 1670 
2611 463 1574 702 
2612 528 1798 1343 
2613 496 610 495 
2614 1124 1525 1123 
2615 852 959 871 
2616 829 976 957 
2617 1136 1537 1133 
2618 1074 1089 1088 
2619 1099 1192 929 
2620 1137 1150 1136 
2621 927 1547 683 
2622 590 1947 1544 
2623 1452 1928 1720 
2624 944 1016 946 
2625 1857 1984 1202 
2626 654 655 529 
2627 494 1553 516 
2628 1227 1247 1225 
2629 748 1557 750 
2630 921 929 804 
2631 975 980 833 
2632 718 767 717 
2633 731 956 729 
2634 249 250 247 
2635 606 744 688 
2636 908 1502 501 
2637 245 246 244 
2638 520 521 519 
2639 668 785 538 
2640 813 1025 902 
2641 569 779 571 
2642 714 1550 713 
2643 516 1553 706 
2644 675 1528 1527 
2645 522 523 521 
2646 711 713 710 
2647 518 1558 520 
2648 767 1545 975 
2649 683 1547 533 
2650 971 1022 1021 
2651 1513 1566 830 
2652 968 1035 877 
2653 707 708 498 
2654 594 595 593 
2655 709 710 708 
2656 585 1561 587 
2657 326 328 327 
2658 808 930 788 
2659 543 1569 921 
2660 676 1606 675 
2661 1046 1819 1789 
2662 767 833 832 
2663 328 329 327 
2664 410 1570 408 
2665 1597 1615 1019 
2666 737 1562 735 
2667 971 1559 1022 
2668 963 1565 1023 
2669 484 1564 480 
2670 587 1561 817 
2671 1575 1624 805 
2672 297 299 298 
2673 1074 1088 993 
2674 1386 1960 1326 
2675 884 1740 1398 
2676 703 1597 1019 
2677 824 1561 585 
2678 1045 1046 920 
2679 1264 1757 1145 
2680 1542 1692 1100 
2681 941 1090 940 
2682 1337 1660 1642 
2683 930 1139 931 
2684 250 1615 1597 
2685 299 300 298 
2686 1404 1705 1401 
2687 949 1705 1366 
2688 615 1602 1556 
2689 1058 1643 1059 
2690 326 327 325 
2691 615 1564 484 
2692 599 806 597 
2693 817 1561 968 
2694 915 1147 914 
2695 690 1571 671 
2696 876 1565 963 
2697 879 1549 769 
2698 1527 1573 524 
2699 480 1564 1358 
2700 610 687 495 
2701 1538 1605 402 
2702 396 1585 308 
2703 860 1572 809 
2704 939 940 880 
2705 562 1575 560 
2706 729 1594 722 
2707 297 298 295 
2708 596 597 595 
2709 1274 1648 1273 
2710 439 579 577 
2711 1442 1663 1305 
2712 452 654 529 
2713 1329 1800 984 
2714 718 1545 767 
2715 993 1601 864 
2716 395 1770 1738 
2717 654 788 655 
2718 1070 1711 953 
2719 733 1589 731 
2720 1311 1806 1312 
2721 936 1679 1426 
2722 279 1583 277 
2723 740 1562 737 
2724 541 1588 471 
2725 946 1624 1575 
2726 1312 1608 974 
2727 785 1551 538 
2728 1527 1621 1573 
2729 693 1577 762 
2730 426 1611 424 
2731 651 1549 653 
2732 717 1550 714 
2733 1365 1680 1364 
2734 271 1587 269 
2735 981 1700 1121 
2736 367 1586 363 
2737 986 987 910 
2738 735 1562 883 
2739 1651 1772 997 
2740 910 1593 465 
2741 1643 1943 1521 
2742 496 1551 610 
2743 1197 1913 196 
2744 1578 1579 836 
2745 702 1574 895 
2746 803 1610 802 
2747 610 766 687 
2748 1248 1576 1238 
2749 395 1615 252 
2750 573 1595 606 
2751 1430 1875 1658 
2752 695 1578 681 
2753 802 1610 1003 
2754 883 1589 733 
2755 1298 1691 882 
2756 236 1715 1480 
2757 1684 1737 201 
2758 408 1570 1516 
2759 524 1573 523 
2760 679 1606 676 
2761 619 1602 616 
2762 720 1594 1545 
2763 250 1597 247 
2764 1742 1788 113 
2765 531 1547 754 
2766 809 1572 811 
2767 952 1591 915 
2768 766 967 687 
2769 1126 1772 1741 
2770 166 1146 127 
2771 750 1557 814 
2772 671 1571 790 
2773 439 577 576 
2774 11 204 10 
2775 109 203 108 
2776 67 201 66 
2777 53 202 52 
2778 726 1570 410 
2779 1123 1613 945 
2780 675 1606 1528 
2781 811 1578 695 
2782 681 1578 836 
2783 941 1091 1090 
2784 523 1573 569 
2785 946 1575 756 
2786 1423 1718 374 
2787 832 1550 717 
2788 398 1605 386 
2789 756 1575 562 
2790 1606 1623 1528 
2791 284 1638 1622 
2792 983 1571 690 
2793 495 1611 426 
2794 52 1672 51 
2795 974 1608 1282 
2796 560 1575 805 
2797 1108 1633 1110 
2798 1368 1565 876 
2799 838 1596 725 
2800 267 1598 265 
2801 595 807 593 
2802 1351 1811 1352 
2803 742 1592 740 
2804 1001 1577 693 
2805 945 1613 944 
2806 688 1599 746 
2807 1006 1557 748 
2808 971 1021 855 
2809 246 1597 703 
2810 321 1941 1409 
2811 836 1606 679 
2812 762 1577 839 
2813 804 1588 541 
2814 654 1609 808 
2815 247 1597 246 
2816 383 1583 279 
2817 1294 1614 1297 
2818 571 1603 573 
2819 836 1623 1606 
2820 1043 1732 950 
2821 1245 1767 1242 
2822 402 1605 398 
2823 830 1746 1455 
2824 1407 1695 862 
2825 277 1583 1489 
2826 384 1586 367 
2827 731 1589 956 
2828 424 1611 928 
2829 902 1586 384 
2830 1121 1591 952 
2831 771 853 852 
2832 498 1587 271 
2833 872 1384 827 
2834 794 1592 742 
2835 269 1587 392 
2836 1143 1145 907 
2837 1238 1576 1240 
2838 860 1600 1572 
2839 1004 1771 1552 
2840 1324 1674 1646 
2841 1588 1631 917 
2842 956 1594 729 
2843 569 1573 779 
2844 723 1619 644 
2845 1901 1909 1144 
2846 1049 1633 1108 
2847 606 1595 744 
2848 725 1596 983 
2849 1497 1609 450 
2850 1459 1766 712 
2851 915 1591 1147 
2852 226 1618 228 
2853 666 1593 828 
2854 1015 1620 1488 
2855 1024 1275 1274 
2856 1150 1607 1136 
2857 392 1598 267 
2858 265 1598 1536 
2859 796 1602 619 
2860 386 1605 1490 
2861 942 1636 431 
2862 1136 1607 1537 
2863 284 1622 286 
2864 570 1743 1736 
2865 944 1613 1016 
2866 1573 1621 779 
2867 914 1596 838 
2868 666 828 827 
2869 872 1385 1384 
2870 1114 1810 1117 
2871 1258 1924 174 
2872 931 1617 788 
2873 1275 1276 1274 
2874 1286 1630 1586 
2875 1088 1601 993 
2876 779 1604 1603 
2877 740 1592 1562 
2878 1232 1649 1234 
2879 529 1693 528 
2880 450 1609 452 
2881 744 1599 688 
2882 655 1617 771 
2883 779 1603 571 
2884 1068 1385 872 
2885 1511 1695 1512 
2886 107 1280 106 
2887 828 872 827 
2888 446 1663 1442 
2889 436 439 438 
2890 252 1615 250 
2891 746 1599 1006 
2892 1103 1104 1102 
2893 976 1690 957 
2894 266 1628 268 
2895 573 1603 1595 
2896 1410 1645 947 
2897 911 1627 1004 
2898 909 1616 1330 
2899 1471 1756 1375 
2900 1314 1929 854 
2901 361 1630 388 
2902 687 1611 495 
2903 436 1636 1530 
2904 1528 1621 1527 
2905 942 1681 1636 
2906 1238 1239 1236 
2907 452 1609 654 
2908 1036 1791 1336 
2909 1733 1751 824 
2910 116 1820 1799 
2911 431 1636 433 
2912 1738 1770 1512 
2913 788 1617 655 
2914 363 1630 361 
2915 1237 1649 1256 
2916 634 1637 636 
2917 1238 1240 1239 
2918 282 1638 284 
2919 686 1634 576 
2920 1540 1642 1574 
2921 771 1617 853 
2922 1757 1829 927 
2923 1586 1630 363 
2924 21 1734 121 
2925 803 1656 1610 
2926 991 1125 989 
2927 1027 1656 1407 
2928 396 1980 1327 
2929 1106 1624 946 
2930 1105 1758 1102 
2931 1040 1722 1712 
2932 165 1904 143 
2933 339 1802 1301 
2934 448 1663 446 
2935 1425 1972 290 
2936 1117 1651 1018 
2937 804 1631 1588 
2938 1307 1835 1306 
2939 882 1691 765 
2940 1579 1623 836 
2941 916 1068 872 
2942 18 205 17 
2943 1077 1811 982 
2944 646 1657 637 
2945 960 1855 981 
2946 433 1636 436 
2947 1209 1827 912 
2948 1205 1857 1202 
2949 1100 1101 1091 
2950 74 206 73 
2951 46 207 45 
2952 102 208 101 
2953 929 1631 804 
2954 1354 1813 1286 
2955 927 1632 1547 
2956 963 964 962 
2957 1065 1801 1067 
2958 1406 1744 1007 
2959 527 1712 521 
2960 1338 1642 1540 
2961 1463 1633 1049 
2962 779 1621 1604 
2963 962 1774 1087 
2964 1029 1742 1498 
2965 1017 1790 1113 
2966 1327 1980 1326 
2967 1020 1738 1512 
2968 1352 1817 1350 
2969 194 1462 85 
2970 1101 1102 1091 
2971 1059 1643 1521 
2972 137 1985 76 
2973 972 1773 1005 
2974 344 1796 332 
2975 1681 1716 826 
2976 967 1746 1678 
2977 947 1652 961 
2978 1372 1745 996 
2979 628 1727 627 
2980 808 1671 1032 
2981 1594 1644 1545 
2982 829 1632 1076 
2983 633 1682 643 
2984 813 1701 1040 
2985 1034 1661 1538 
2986 1380 1681 942 
2987 1379 1733 1378 
2988 1277 1648 1274 
2989 828 916 872 
2990 1546 1645 882 
2991 202 1672 52 
2992 1336 1828 1038 
2993 1234 1649 1237 
2994 829 1076 976 
2995 914 1653 1596 
2996 1347 1817 1349 
2997 1101 1103 1102 
2998 511 1658 650 
2999 659 1652 1546 
3000 1610 1656 1027 
3001 603 1750 1357 
3002 334 1796 413 
3003 303 1763 305 
3004 1235 1777 1233 
3005 1609 1671 808 
3006 1521 1662 1522 
3007 78 1725 209 
3008 22 1726 1165 
3009 1010 1646 1592 
3010 705 1641 1481 
3011 1547 1632 754 
3012 1652 1694 961 
3013 659 1694 1652 
3014 1263 1808 1204 
3015 1777 1924 1258 
3016 1593 1650 828 
3017 1052 1120 909 
3018 556 1699 774 
3019 880 1717 879 
3020 1034 1701 1661 
3021 1641 1889 1168 
3022 1605 1661 1490 
3023 1538 1661 1605 
3024 943 1689 1406 
3025 805 1699 558 
3026 1052 1911 1120 
3027 1498 1769 1058 
3028 1334 1936 1332 
3029 1076 1195 976 
3030 956 1644 1594 
3031 1279 1683 12 
3032 754 1632 829 
3033 1459 1805 1458 
3034 774 1707 553 
3035 1020 1656 803 
3036 1497 1671 1609 
3037 910 1650 1593 
3038 1281 1684 68 
3039 549 1708 669 
3040 1335 1787 918 
3041 1574 1642 895 
3042 637 1657 635 
3043 1379 1751 1733 
3044 187 1772 1651 
3045 281 1706 383 
3046 1636 1681 1530 
3047 988 1824 1283 
3048 1380 1716 1681 
3049 1562 1646 883 
3050 497 1706 283 
3051 763 1709 623 
3052 1592 1646 1562 
3053 621 1709 796 
3054 154 1686 1534 
3055 1545 1644 975 
3056 1734 1814 1103 
3057 1427 1951 1425 
3058 1481 1848 686 
3059 1147 1653 914 
3060 987 1650 910 
3061 923 1794 922 
3062 704 1792 1335 
3063 1096 1856 1097 
3064 840 1795 1098 
3065 613 1785 584 
3066 745 1757 927 
3067 895 1660 948 
3068 1490 1661 812 
3069 519 1722 517 
3070 1646 1674 883 
3071 1642 1660 895 
3072 1310 1804 839 
3073 1115 1957 1944 
3074 1095 1259 964 
3075 1332 1936 1331 
3076 1433 1960 848 
3077 285 1713 497 
3078 1856 1885 188 
3079 129 1953 1753 
3080 1276 1852 1169 
3081 1508 1908 1228 
3082 625 1719 763 
3083 1019 1738 1020 
3084 383 1688 1583 
3085 1206 1857 1205 
3086 1026 1688 1437 
3087 488 1749 487 
3088 1344 1869 674 
3089 643 1727 631 
3090 967 1678 687 
3091 937 1671 1497 
3092 773 1832 1395 
3093 1678 1746 1566 
3094 1604 1647 1603 
3095 1203 1930 1756 
3096 3 1665 2 
3097 87 1664 86 
3098 294 1723 289 
3099 1191 1779 1193 
3100 36 1825 126 
3101 1603 1647 1595 
3102 908 1768 1502 
3103 159 1865 1316 
3104 487 1663 448 
3105 155 1825 36 
3106 1583 1688 1026 
3107 1396 1839 822 
3108 1581 1791 1037 
3109 1256 1858 1248 
3110 1671 1715 1032 
3111 1011 1673 1324 
3112 1244 1750 1249 
3113 1140 1810 1116 
3114 1661 1701 812 
3115 1530 1681 826 
3116 1056 1793 1054 
3117 961 1694 1124 
3118 957 1690 977 
3119 1830 1843 1085 
3120 487 1749 1581 
3121 1214 1880 1216 
3122 1083 1938 1534 
3123 1009 1752 1075 
3124 180 1205 1202 
3125 918 1787 473 
3126 1623 1655 1528 
3127 664 1693 529 
3128 1786 1801 1065 
3129 987 1677 1650 
3130 928 1678 1566 
3131 828 1650 916 
3132 1620 1919 1488 
3133 1112 1752 1008 
3134 1631 1718 1423 
3135 1084 1987 1978 
3136 1645 1652 947 
3137 110 1666 109 
3138 66 1667 65 
3139 642 1935 1383 
3140 1322 1846 1320 
3141 1658 1875 1187 
3142 10 1686 9 
3143 54 1687 53 
3144 765 1691 923 
3145 635 1682 633 
3146 883 1674 1589 
3147 884 1760 1740 
3148 1657 1682 635 
3149 1528 1655 1621 
3150 1226 1754 1231 
3151 967 1789 1456 
3152 38 1668 37 
3153 1120 1616 909 
3154 992 1805 1073 
3155 1546 1652 1645 
3156 1552 1771 641 
3157 96 187 95 
3158 80 188 79 
3159 40 186 39 
3160 24 185 23 
3161 152 1665 3 
3162 150 1664 87 
3163 1370 1839 1219 
3164 1520 1807 1519 
3165 712 1766 708 
3166 395 1738 1615 
3167 1560 1755 1032 
3168 953 1711 1039 
3169 99 1831 144 
3170 2 1665 200 
3171 86 1664 194 
3172 156 1876 92 
3173 641 1771 639 
3174 1032 1755 930 
3175 1492 1965 1080 
3176 478 1792 482 
3177 1401 1705 949 
3178 1040 1736 1025 
3179 1782 1786 1065 
3180 1149 1697 1148 
3181 989 1677 987 
3182 1247 1754 1225 
3183 929 1718 1631 
3184 1668 1669 155 
3185 853 1720 852 
3186 92 1876 142 
3187 1087 1918 1396 
3188 532 1792 704 
3189 17 1670 16 
3190 1317 1734 1103 
3191 1146 1724 41 
3192 1115 1944 1118 
3193 582 1785 705 
3194 1548 1694 659 
3195 157 1666 110 
3196 65 1667 160 
3197 833 1784 832 
3198 1091 1758 1090 
3199 1761 1763 1035 
3200 9 1686 154 
3201 158 1687 54 
3202 1857 1954 841 
3203 73 1702 72 
3204 103 1703 102 
3205 1498 1742 1673 
3206 37 1668 155 
3207 1621 1655 1604 
3208 83 1865 159 
3209 1616 1825 155 
3210 956 1698 1644 
3211 862 1695 1511 
3212 108 1685 107 
3213 558 1699 556 
3214 12 1683 11 
3215 1125 1677 989 
3216 889 1935 1291 
3217 68 1684 67 
3218 1222 1728 199 
3219 1200 1729 198 
3220 912 1827 913 
3221 975 1788 980 
3222 193 1730 1212 
3223 341 1802 339 
3224 555 1858 552 
3225 1600 1967 114 
3226 44 182 43 
3227 76 184 75 
3228 20 183 19 
3229 100 181 99 
3230 195 1731 1219 
3231 475 1787 478 
3232 283 1706 281 
3233 1387 1947 590 
3234 1048 1881 1394 
3235 931 1675 1617 
3236 850 1830 849 
3237 845 1917 970 
3238 1701 1722 1040 
3239 553 1707 551 
3240 139 1865 83 
3241 130 1487 49 
3242 937 1715 1671 
3243 551 1708 549 
3244 835 1877 938 
3245 346 1812 345 
3246 807 1818 1336 
3247 807 1749 593 
3248 181 1872 1385 
3249 1789 1819 1456 
3250 1611 1678 928 
3251 168 1734 21 
3252 1491 1781 1035 
3253 1228 1842 1224 
3254 1480 1715 937 
3255 16 1670 161 
3256 1589 1698 956 
3257 498 1766 1587 
3258 968 1761 1035 
3259 623 1709 621 
3260 4 1728 152 
3261 91 1934 179 
3262 60 1729 149 
3263 149 1730 59 
3264 1188 1844 1683 
3265 588 1890 586 
3266 72 1702 163 
3267 164 1703 103 
3268 1617 1675 853 
3269 812 1701 813 
3270 151 1731 31 
3271 1951 1972 1425 
3272 1145 1971 1724 
3273 1378 1716 1380 
3274 839 1804 874 
3275 1483 1923 906 
3276 1650 1677 916 
3277 199 1728 5 
3278 198 1729 61 
3279 58 1730 193 
3280 1041 1900 1434 
3281 30 1731 195 
3282 1035 1781 877 
3283 1707 1708 551 
3284 142 1934 91 
3285 1674 1698 1589 
3286 1135 1838 1137 
3287 287 1713 285 
3288 1046 1789 920 
3289 121 1734 1317 
3290 1625 1697 1149 
3291 396 1912 1325 
3292 118 1639 7 
3293 687 1678 1611 
3294 201 1667 66 
3295 109 1666 203 
3296 826 1716 1541 
3297 1500 1936 918 
3298 648 1983 600 
3299 204 1686 10 
3300 53 1687 202 
3301 824 1751 1561 
3302 1130 1981 1131 
3303 1536 1786 1499 
3304 766 1789 967 
3305 1278 1949 1815 
3306 39 1676 38 
3307 575 1926 563 
3308 1080 1939 1494 
3309 546 1897 603 
3310 1570 1714 1501 
3311 1417 1964 1416 
3312 521 1712 519 
3313 5 1728 4 
3314 61 1729 60 
3315 627 1719 625 
3316 59 1730 58 
3317 1145 1757 907 
3318 35 1837 178 
3319 31 1731 30 
3320 1179 1832 1183 
3321 1239 1762 1236 
3322 837 1954 912 
3323 950 1732 1092 
3324 517 1722 1034 
3325 289 1723 287 
3326 1518 1899 1050 
3327 1348 1970 1354 
3328 1278 1815 1227 
3329 940 1717 880 
3330 397 1816 351 
3331 1673 1742 113 
3332 1255 1815 1691 
3333 1717 1939 879 
3334 631 1727 628 
3335 357 1821 500 
3336 388 1821 359 
3337 1189 1947 1388 
3338 1090 1721 940 
3339 1192 1718 929 
3340 1313 1950 1307 
3341 1534 1938 154 
3342 1011 1769 1673 
3343 1076 1914 1195 
3344 203 1685 108 
3345 11 1683 204 
3346 67 1684 201 
3347 726 1714 1570 
3348 1541 1733 824 
3349 1378 1733 1716 
3350 500 1826 355 
3351 287 1723 1713 
3352 951 1737 960 
3353 831 1883 903 
3354 353 1826 397 
3355 1519 1859 1060 
3356 1457 1739 545 
3357 1673 1769 1498 
3358 143 1904 97 
3359 1375 1756 723 
3360 852 1720 959 
3361 1716 1733 1541 
3362 25 1747 24 
3363 162 1765 47 
3364 940 1721 1717 
3365 1669 1909 1901 
3366 1007 1744 1191 
3367 1168 1889 1166 
3368 1265 1911 1052 
3369 806 1818 597 
3370 527 1736 1712 
3371 1053 1873 1031 
3372 997 1772 991 
3373 710 1836 712 
3374 97 1741 96 
3375 906 1923 1469 
3376 1042 1941 1261 
3377 1587 1822 392 
3378 107 1685 1280 
3379 1434 1922 1432 
3380 1432 1927 1433 
3381 980 1742 1029 
3382 1283 1790 1017 
3383 75 1704 74 
3384 820 1841 668 
3385 1531 1797 1246 
3386 101 1735 100 
3387 1845 1903 536 
3388 175 1977 1230 
3389 93 1783 156 
3390 1343 1798 1633 
3391 887 1935 889 
3392 1251 1739 1252 
3393 726 1973 1369 
3394 1927 1931 1433 
3395 1034 1722 1701 
3396 916 1710 1068 
3397 1385 1872 1384 
3398 1464 1891 1590 
3399 182 1878 1284 
3400 1086 1847 601 
3401 595 1818 807 
3402 1025 1743 1285 
3403 1243 1750 1244 
3404 1712 1736 1040 
3405 1120 1911 1837 
3406 205 1670 17 
3407 1125 1710 1677 
3408 1900 1922 1434 
3409 1054 1863 1028 
3410 982 1811 1351 
3411 1170 1945 985 
3412 231 1959 230 
3413 88 1809 150 
3414 206 1702 73 
3415 102 1703 208 
3416 126 1837 35 
3417 1254 1775 1253 
3418 1398 1740 1548 
3419 1922 1927 1432 
3420 1390 1932 1844 
3421 907 1757 745 
3422 1471 1902 1263 
3423 1478 1884 1023 
3424 394 1887 300 
3425 1512 1770 1066 
3426 1345 1942 1173 
3427 593 1749 488 
3428 1502 1768 375 
3429 599 1847 806 
3430 196 1809 89 
3431 1615 1738 1019 
3432 310 1912 396 
3433 173 1850 84 
3434 1711 1862 1039 
3435 1038 1828 1321 
3436 1623 1799 1655 
3437 327 1895 325 
3438 1242 1767 1241 
3439 854 1950 1314 
3440 1750 1915 1357 
3441 325 1882 322 
3442 1550 1854 713 
3443 1385 1831 181 
3444 227 1919 229 
3445 1193 1779 1485 
3446 1698 1788 1644 
3447 1207 1930 1203 
3448 370 1763 1761 
3449 321 1893 318 
3450 84 1850 139 
3451 295 1867 294 
3452 95 1764 94 
3453 1280 1775 169 
3454 1225 1754 1226 
3455 1356 1874 1202 
3456 1566 1746 830 
3457 370 1761 1379 
3458 1008 1752 1009 
3459 1264 1829 1757 
3460 1655 1820 1604 
3461 317 1906 314 
3462 168 1814 1734 
3463 1677 1710 916 
3464 1080 1965 1939 
3465 47 1765 46 
3466 1548 1740 1694 
3467 1254 1776 1775 
3468 1561 1751 968 
3469 605 1983 1283 
3470 1815 1949 923 
3471 1102 1758 1091 
3472 568 1973 726 
3473 930 1755 1139 
3474 1263 1902 1213 
3475 98 1803 165 
3476 985 1773 972 
3477 305 1763 370 
3478 1246 1797 1245 
3479 805 1951 1699 
3480 951 1827 1737 
3481 150 1809 1635 
3482 1124 1760 1525 
3483 1231 1849 1232 
3484 832 1870 1550 
3485 147 1955 1626 
3486 1721 1890 588 
3487 115 1759 1662 
3488 787 1879 1482 
3489 1006 1759 1557 
3490 46 1765 207 
3491 1066 1778 1064 
3492 1236 1762 1235 
3493 1021 1868 855 
3494 1633 1798 1110 
3495 38 1676 1668 
3496 1023 1884 1024 
3497 1719 1964 1417 
3498 1694 1740 1124 
3499 854 1929 781 
3500 151 1886 1473 
3501 1626 1767 157 
3502 1612 1704 184 
3503 229 1919 1620 
3504 708 1766 498 
3505 1233 1777 1508 
3506 79 1725 78 
3507 23 1726 22 
3508 1533 1770 395 
3509 1075 1769 1011 
3510 1037 1791 1036 
3511 652 1835 1806 
3512 394 1900 1887 
3513 584 1785 582 
3514 1790 1983 648 
3515 1064 1782 1065 
3516 1284 1878 207 
3517 1259 1774 964 
3518 1736 1743 1025 
3519 1494 1939 1717 
3520 94 1783 93 
3521 639 1771 646 
3522 686 1852 1634 
3523 1261 1963 1078 
3524 181 1831 99 
3525 1770 1778 1066 
3526 182 1696 43 
3527 1544 1875 590 
3528 1113 1957 1115 
3529 74 1704 206 
3530 41 1724 40 
3531 877 1781 979 
3532 208 1735 101 
3533 154 1780 8 
3534 490 1778 1533 
3535 773 1982 1832 
3536 490 1782 1778 
3537 1350 1817 1347 
3538 1778 1782 1064 
3539 32 1886 151 
3540 1867 1887 1092 
3541 1061 1793 1056 
3542 473 1787 475 
3543 984 1800 1144 
3544 153 1866 26 
3545 1533 1778 1770 
3546 1028 1784 833 
3547 197 1886 33 
3548 1499 1782 490 
3549 230 1959 1689 
3550 1689 1959 1406 
3551 1740 1760 1124 
3552 922 1794 1081 
3553 1090 1890 1721 
3554 536 1871 1845 
3555 811 1933 1578 
3556 1306 1835 652 
3557 1848 1852 686 
3558 482 1792 532 
3559 614 1910 1553 
3560 652 1806 1311 
3561 24 1747 185 
3562 144 1831 1803 
3563 1103 1814 1104 
3564 1002 1795 840 
3565 920 1789 766 
3566 186 1676 39 
3567 332 1796 334 
3568 48 1753 162 
3569 1160 1976 1159 
3570 76 1985 184 
3571 1243 1915 1750 
3572 113 1788 1698 
3573 1051 1916 1435 
3574 627 1964 1719 
3575 1071 1946 1409 
3576 1354 1970 1813 
3577 1116 1810 1114 
3578 1648 1866 153 
3579 294 1867 1732 
3580 1544 1947 1189 
3581 1088 1967 1600 
3582 1728 1842 152 
3583 1110 1798 1129 
3584 1598 1786 1536 
3585 187 1764 95 
3586 1699 1951 1427 
3587 1458 1805 992 
3588 1202 1984 1356 
3589 964 1774 962 
3590 144 1803 98 
3591 1550 1870 1854 
3592 96 1741 187 
3593 1523 1807 1520 
3594 1632 1829 1076 
3595 1047 1845 1333 
3596 1582 1945 1170 
3597 1456 1819 344 
3598 345 1802 341 
3599 1751 1761 968 
3600 1227 1815 1255 
3601 1286 1813 1630 
3602 89 1809 88 
3603 97 1904 1741 
3604 1120 1825 1616 
3605 1535 1988 1079 
3606 1067 1822 1459 
3607 874 1804 1368 
3608 1251 1897 1739 
3609 1672 1840 51 
3610 1590 1921 158 
3611 1647 1979 1595 
3612 349 1812 346 
3613 1379 1761 1751 
3614 1732 1867 1092 
3615 814 1892 752 
3616 1487 1838 189 
3617 392 1801 1598 
3618 1002 1834 1795 
3619 184 1704 75 
3620 1166 1814 168 
3621 184 1985 1608 
3622 1134 1953 1135 
3623 100 1735 181 
3624 1644 1788 975 
3625 1764 1783 94 
3626 1756 1930 723 
3627 986 1824 988 
3628 1739 1897 545 
3629 351 1816 349 
3630 986 1830 1824 
3631 1579 1799 1623 
3632 1725 1885 1051 
3633 1307 1950 1868 
3634 1651 1764 187 
3635 1598 1801 1786 
3636 1253 1898 1531 
3637 349 1816 1812 
3638 913 1827 951 
3639 906 1937 1483 
3640 359 1821 357 
3641 1109 1850 173 
3642 1013 1952 1910 
3643 1630 1813 388 
3644 1222 1842 1728 
3645 849 1830 986 
3646 207 1878 45 
3647 1163 1819 1046 
3648 597 1818 595 
3649 1775 1776 169 
3650 1720 1928 959 
3651 1483 1937 1142 
3652 1183 1832 1185 
3653 355 1826 353 
3654 534 1871 536 
3655 1152 1838 1487 
3656 1658 1982 773 
3657 842 1874 1356 
3658 948 1843 850 
3659 188 1725 79 
3660 185 1726 23 
3661 704 1871 534 
3662 1910 1952 1341 
3663 1288 1963 391 
3664 1800 1901 1144 
3665 1013 1834 1002 
3666 18 1986 205 
3667 1864 1961 163 
3668 196 1913 1287 
3669 822 1839 1370 
3670 1228 1908 1842 
3671 1752 1943 1075 
3672 1078 1963 1288 
3673 27 1823 153 
3674 40 1724 186 
3675 1330 1901 820 
3676 1806 1956 1312 
3677 1230 1977 1794 
3678 1261 1941 1882 
3679 1232 1849 1649 
3680 1073 1854 1074 
3681 1666 1797 203 
3682 1629 1974 1063 
3683 705 1905 1641 
3684 1219 1839 1218 
3685 938 1851 1084 
3686 1316 1833 1111 
3687 1137 1838 1152 
3688 1320 1846 1323 
3689 25 1866 1747 
3690 1741 1772 187 
3691 713 1836 710 
3692 1254 1883 1776 
3693 51 1840 50 
3694 1325 1980 396 
3695 927 1829 1632 
3696 1604 1820 1647 
3697 1691 1815 923 
3698 1224 1842 1222 
3699 566 1849 1367 
3700 1169 1848 1168 
3701 1111 1833 1109 
3702 131 1697 1625 
3703 1045 1845 1047 
3704 44 1878 182 
3705 80 1940 188 
3706 668 1841 785 
3707 205 1986 1692 
3708 970 1864 1094 
3709 205 1978 1670 
3710 1085 1843 1086 
3711 1619 1930 1207 
3712 1340 1952 1474 
3713 485 1988 1535 
3714 1827 1907 1737 
3715 1753 1981 162 
3716 552 1858 554 
3717 601 1847 599 
3718 171 1855 1281 
3719 1553 1910 1341 
3720 183 1986 19 
3721 1187 1982 1658 
3722 1911 1974 178 
3723 1327 1931 1585 
3724 1861 1888 1543 
3725 1649 1849 566 
3726 1061 1860 1853 
3727 1097 1856 1446 
3728 1291 1976 889 
3729 1741 1904 1126 
3730 785 1861 1543 
3731 1060 1859 1062 
3732 1062 1860 1061 
3733 1834 1910 614 
3734 1265 1974 1911 
3735 1462 1881 1107 
3736 752 1892 787 
3737 1446 1940 81 
3738 1384 1872 1070 
3739 192 1945 1582 
3740 1218 1918 1217 
3741 1230 1949 1278 
3742 1134 1981 1753 
3743 1641 1905 1889 
3744 1895 1963 1261 
3745 1158 1975 1160 
3746 1639 1977 175 
3747 1469 1923 604 
3748 1394 1920 1093 
3749 590 1875 1430 
3750 1045 1903 1845 
3751 26 1866 25 
3752 1081 1977 1639 
3753 1860 1933 811 
3754 1692 1986 183 
3755 1107 1881 1048 
3756 1331 1936 1500 
3757 834 1877 835 
3758 1031 1873 1518 
3759 834 1968 1877 
3760 966 1880 1344 
3761 1923 1944 604 
3762 1070 1989 1711 
3763 1144 1896 1143 
3764 1357 1915 555 
3765 1074 1870 1089 
3766 1356 1984 841 
3767 1944 1957 1408 
3768 1735 1989 1872 
3769 1841 1861 785 
3770 1202 1874 1201 
3771 1482 1879 1302 
3772 298 1867 295 
3773 194 1881 1462 
3774 1287 1913 1033 
3775 1215 1869 1214 
3776 1435 1928 393 
3777 1326 1980 1325 
3778 855 1868 854 
3779 114 1967 1863 
3780 1832 1982 1185 
3781 586 1890 613 
3782 1383 1935 887 
3783 1799 1969 116 
3784 1557 1925 814 
3785 1314 1950 1313 
3786 1576 1915 1243 
3787 1891 1976 1160 
3788 45 1878 44 
3789 604 1944 1408 
3790 1169 1852 1848 
3791 1534 1932 1390 
3792 1005 1883 831 
3793 1173 1942 1176 
3794 545 1897 546 
3795 889 1891 1464 
3796 1138 1946 1071 
3797 923 1949 1794 
3798 115 1943 1752 
3799 1773 1948 1005 
3800 112 1955 147 
3801 33 1886 32 
3802 1667 1907 1209 
3803 1082 1938 1083 
3804 1735 1872 181 
3805 322 1882 321 
3806 298 1887 1867 
3807 1896 1909 1676 
3808 1409 1941 1042 
3809 1395 1968 834 
3810 166 1914 1264 
3811 1801 1822 1067 
3812 1187 1875 1544 
3813 1888 1903 1044 
3814 392 1822 1801 
3815 1050 1899 1112 
3816 844 1917 845 
3817 391 1895 327 
3818 116 1969 1859 
3819 1142 1937 1309 
3820 1683 1844 204 
3821 1408 1957 648 
3822 394 1922 1900 
3823 300 1887 298 
3824 1024 1884 1275 
3825 1084 1978 1542 
3826 1776 1883 1005 
3827 1092 1900 1041 
3828 1131 1981 1134 
3829 1543 1888 1044 
3830 318 1893 317 
3831 1775 1898 1253 
3832 1104 1905 1105 
3833 563 1926 565 
3834 1044 1903 1045 
3835 1664 1920 1394 
3836 314 1906 312 
3837 555 1915 1576 
3838 1213 1902 1215 
3839 486 1931 1927 
3840 312 1912 310 
3841 1676 1909 1668 
3842 1906 1912 312 
3843 201 1907 1667 
3844 1349 1970 1348 
3845 848 1960 1386 
3846 1669 1901 1330 
3847 1409 1946 1893 
3848 1181 1958 1182 
3849 1514 1927 1922 
3850 1514 1922 394 
3851 1388 1947 1387 
3852 1854 1870 1074 
3853 1416 1964 1419 
3854 1175 1961 1177 
3855 841 1954 837 
3856 1887 1900 1092 
3857 1063 1974 1265 
3858 486 1927 1514 
3859 1686 1932 1534 
3860 1585 1931 486 
3861 230 1919 227 
3862 1280 1898 1775 
3863 1341 1952 1340 
3864 1958 1987 1851 
3865 1468 1988 485 
3866 1316 1865 1833 
3867 164 1862 1703 
3868 1844 1932 204 
3869 781 1929 657 
3870 959 1916 1096 
3871 1759 1925 1557 
3872 1159 1976 1291 
3873 192 1948 1773 
3874 600 1983 605 
3875 1143 1971 1145 
3876 151 1894 1731 
3877 81 1940 80 
3878 1687 1975 202 
3879 1578 1933 1579 
3880 1474 1952 1013 
3881 1929 1973 657 
3882 234 1959 231 
3883 879 1939 1549 
3884 657 1973 568 
3885 723 1930 1619 
3886 161 1962 15 
3887 1668 1909 1669 
3888 163 1966 71 
3889 1185 1982 1187 
3890 820 1901 1800 
3891 1062 1969 1933 
3892 1061 1853 1793 
3893 1089 1967 1088 
3894 1836 1854 1073 
3895 1176 1942 1700 
3896 19 1986 18 
3897 1549 1965 653 
3898 1624 1951 805 
3899 1889 1905 1104 
3900 1813 1970 388 
3901 1933 1969 1579 
3902 1939 1965 1549 
3903 161 1987 1958 
3904 1773 1945 192 
3905 1731 1894 1219 
3906 188 1940 1856 
3907 1872 1989 1070 
3908 1624 1972 1951 
3909 1075 1943 1643 
3910 1283 1983 1790 
3911 1711 1989 208 
3912 152 1908 1665 
3913 1595 1979 744 
3914 1837 1911 178 
3915 1312 1956 1612 
3916 1028 1863 1784 
3917 150 1920 1664 
3918 188 1885 1725 
3919 1106 1972 1624 
3920 1737 1907 201 
3921 158 1921 1687 
3922 1144 1909 1896 
3923 1685 1898 1280 
3924 1833 1850 1109 
3925 1842 1908 152 
3926 713 1854 1836 
3927 186 1896 1676 
3928 204 1932 1686 
3929 186 1971 1896 
3930 1829 1914 1076 
3931 1209 1907 1827 
3932 1780 1938 1082 
3933 1096 1916 1885 
3934 1166 1889 1814 
3935 1896 1971 1143 
3936 174 1924 1762 
3937 1814 1889 1104 
3938 1762 1924 1235 
3939 1013 1910 1834 
3940 1670 1987 161 
3941 1182 1958 1851 
3942 1845 1871 1333 
3943 787 1892 1873 
3944 1885 1916 1051 
3945 985 1945 1773 
3946 154 1938 1780 
3947 1794 1949 1230 
3948 814 1925 1899 
3949 1344 1880 1869 
3950 1869 1880 1214 
3951 1022 1956 1806 
3952 1264 1914 1829 
3953 208 1989 1735 
3954 1753 1953 1134 
3955 1160 1975 1921 
3956 1851 1987 1084 
3957 1579 1969 1799 
3958 1794 1977 1081 
3959 1062 1933 1860 
3960 1873 1892 1518 
3961 1856 1940 1446 
3962 1724 1971 186 
3963 841 1984 1857 
3964 1177 1961 1864 
3965 1859 1969 1062 
3966 1868 1950 854 
3967 1882 1941 321 
3968 1899 1925 1112 
3969 1893 1946 317 
3970 391 1963 1895 
3971 889 1976 1891 
3972 1921 1975 1687 
3973 1958 1962 161 
3974 1961 1966 163 
3975 1181 1962 1958 
3976 1175 1966 1961 
$EndElements
