{
  "framework": "pyeidors",
  "task": "absolute_gn",
  "mesh_level": "medium",
  "mesh_name": "ref12",
  "scenario": "low_z",
  "n_nodes": 2940,
  "n_elements": 5702,
  "n_frames": 1,
  "device": "cpu",
  "warmups": 1,
  "repeats": 3,
  "commit": "993c7fa13b6e91058a298c2761bac1eef224e403",
  "peak_rss_mb": 1739.3515625,
  "gn_path": "legacy_dense",
  "mean": 25.58308455166601,
  "std": 0.10346809488375407,
  "median": 25.652239929000643,
  "iqr": 0.11167640900202969,
  "mean_sec": 25.58308455166601,
  "std_sec": 0.10346809488375407,
  "median_sec": 25.652239929000643,
  "iqr_sec": 0.11167640900202969,
  "voltage_rmse": 0.000269313286288775,
  "voltage_mae": 0.00018964920349324942,
  "voltage_relative_error_pct": 0.6633862107674383,
  "conductivity_mae": 0.04629592886945636,
  "conductivity_rmse": 0.15212357712012436,
  "conductivity_relative_error_pct": 14.456323121194515,
  "final_residual": 0.0039034505652981418,
  "iterations": 5,
  "jacobian_backend": "EidorsStyleAdjointJacobian",
  "linear_solver": "torch_dense_normal_equations",
  "linear_system_rows": 5702,
  "linear_system_cols": 5702,
  "regularization_structure": "dense",
  "gpu_scope_note": "GPU acceleration currently benefits inverse/tensor operations; forward PDE assembly remains on the FEniCS/CPU side.",
  "used_measurement_space_fast_path": false,
  "enable_measurement_space_fast_path": false,
  "enable_diagonal_regularization_cache": false
}