{
  "framework": "pyeidors",
  "task": "absolute_gn",
  "mesh_level": "medium",
  "mesh_name": "ref12",
  "scenario": "low_z",
  "n_nodes": 2940,
  "n_elements": 5702,
  "n_frames": 1,
  "device": "gpu",
  "warmups": 1,
  "repeats": 3,
  "commit": "993c7fa13b6e91058a298c2761bac1eef224e403",
  "peak_rss_mb": 1363.8046875,
  "gn_path": "legacy_dense",
  "mean": 16.38117267566607,
  "std": 0.02871944741191662,
  "median": 16.394664603998535,
  "iqr": 0.03317658650121302,
  "mean_sec": 16.38117267566607,
  "std_sec": 0.02871944741191662,
  "median_sec": 16.394664603998535,
  "iqr_sec": 0.03317658650121302,
  "voltage_rmse": 0.0002693132862888008,
  "voltage_mae": 0.0001896492034932631,
  "voltage_relative_error_pct": 0.663386210767502,
  "conductivity_mae": 0.04629592886945629,
  "conductivity_rmse": 0.1521235771201245,
  "conductivity_relative_error_pct": 14.456323121194526,
  "final_residual": 0.0039034505652977736,
  "iterations": 5,
  "jacobian_backend": "EidorsStyleAdjointJacobian",
  "linear_solver": "torch_dense_normal_equations",
  "linear_system_rows": 5702,
  "linear_system_cols": 5702,
  "regularization_structure": "dense",
  "gpu_scope_note": "GPU acceleration currently benefits inverse/tensor operations; forward PDE assembly remains on the FEniCS/CPU side.",
  "used_measurement_space_fast_path": false,
  "enable_measurement_space_fast_path": false,
  "enable_diagonal_regularization_cache": false
}