{
  "framework": "pyeidors",
  "task": "absolute_gn",
  "mesh_level": "medium",
  "mesh_name": "ref12",
  "scenario": "low_z",
  "n_nodes": 2940,
  "n_elements": 5702,
  "n_frames": 1,
  "device": "gpu",
  "warmups": 1,
  "repeats": 3,
  "commit": "993c7fa13b6e91058a298c2761bac1eef224e403",
  "peak_rss_mb": 1359.8046875,
  "gn_path": "legacy_dense",
  "mean": 9.326482734998232,
  "std": 0.4344696020651753,
  "median": 9.055385031999322,
  "iqr": 0.47751992550001887,
  "mean_sec": 9.326482734998232,
  "std_sec": 0.4344696020651753,
  "median_sec": 9.055385031999322,
  "iqr_sec": 0.47751992550001887,
  "voltage_rmse": 0.00037799649539965437,
  "voltage_mae": 0.00027289460952967183,
  "voltage_relative_error_pct": 0.931100229855239,
  "conductivity_mae": 0.044558729044298646,
  "conductivity_rmse": 0.1577875243535583,
  "conductivity_relative_error_pct": 14.994568756078976,
  "final_residual": 0.009450682367735762,
  "iterations": 3,
  "jacobian_backend": "EidorsStyleAdjointJacobian",
  "linear_solver": "torch_dense_normal_equations",
  "linear_system_rows": 5702,
  "linear_system_cols": 5702,
  "regularization_structure": "dense",
  "gpu_scope_note": "GPU acceleration currently benefits inverse/tensor operations; forward PDE assembly remains on the FEniCS/CPU side.",
  "used_measurement_space_fast_path": false,
  "enable_measurement_space_fast_path": false,
  "enable_diagonal_regularization_cache": false
}