{
  "framework": "pyeidors",
  "task": "absolute_gn",
  "mesh_level": "medium",
  "mesh_name": "ref12",
  "scenario": "low_z",
  "n_nodes": 2940,
  "n_elements": 5702,
  "n_frames": 1,
  "device": "cpu",
  "warmups": 1,
  "repeats": 3,
  "commit": "993c7fa13b6e91058a298c2761bac1eef224e403",
  "peak_rss_mb": 1726.0,
  "gn_path": "legacy_dense",
  "mean": 4.817687278665592,
  "std": 0.05169433206847089,
  "median": 4.848495607999212,
  "iqr": 0.057415948000198114,
  "mean_sec": 4.817687278665592,
  "std_sec": 0.05169433206847089,
  "median_sec": 4.848495607999212,
  "iqr_sec": 0.057415948000198114,
  "voltage_rmse": 0.0002758374880859035,
  "voltage_mae": 0.000194650163081449,
  "voltage_relative_error_pct": 0.679456957102019,
  "conductivity_mae": 0.045497759005820905,
  "conductivity_rmse": 0.15135161120564428,
  "conductivity_relative_error_pct": 14.382963100942952,
  "final_residual": 0.014581747697610888,
  "iterations": 1,
  "jacobian_backend": "EidorsStyleAdjointJacobian",
  "linear_solver": "torch_dense_normal_equations",
  "linear_system_rows": 5702,
  "linear_system_cols": 5702,
  "regularization_structure": "dense",
  "gpu_scope_note": "GPU acceleration currently benefits inverse/tensor operations; forward PDE assembly remains on the FEniCS/CPU side.",
  "used_measurement_space_fast_path": false,
  "enable_measurement_space_fast_path": false,
  "enable_diagonal_regularization_cache": false
}