{
  "framework": "pyeidors",
  "task": "absolute_gn",
  "mesh_level": "medium",
  "mesh_name": "ref12",
  "scenario": "low_z",
  "n_nodes": 2940,
  "n_elements": 5702,
  "n_frames": 1,
  "device": "cpu",
  "warmups": 1,
  "repeats": 3,
  "commit": "993c7fa13b6e91058a298c2761bac1eef224e403",
  "peak_rss_mb": 1742.1171875,
  "gn_path": "legacy_dense",
  "mean": 14.813985395000296,
  "std": 0.5725122083882008,
  "median": 14.458093761997588,
  "iqr": 0.6298104494999279,
  "mean_sec": 14.813985395000296,
  "std_sec": 0.5725122083882008,
  "median_sec": 14.458093761997588,
  "iqr_sec": 0.6298104494999279,
  "voltage_rmse": 0.00037595404998750514,
  "voltage_mae": 0.0002712582656264152,
  "voltage_relative_error_pct": 0.9260691742347146,
  "conductivity_mae": 0.04459791084659988,
  "conductivity_rmse": 0.1576990140442599,
  "conductivity_relative_error_pct": 14.986157609989736,
  "final_residual": 0.009399655590235258,
  "iterations": 3,
  "jacobian_backend": "EidorsStyleAdjointJacobian",
  "linear_solver": "torch_dense_normal_equations",
  "linear_system_rows": 5702,
  "linear_system_cols": 5702,
  "regularization_structure": "dense",
  "gpu_scope_note": "GPU acceleration currently benefits inverse/tensor operations; forward PDE assembly remains on the FEniCS/CPU side.",
  "used_measurement_space_fast_path": false,
  "enable_measurement_space_fast_path": false,
  "enable_diagonal_regularization_cache": false
}