{
  "framework": "pyeidors",
  "task": "absolute_gn",
  "mesh_level": "medium",
  "mesh_name": "ref12",
  "scenario": "low_z",
  "n_nodes": 2940,
  "n_elements": 5702,
  "n_frames": 1,
  "device": "gpu",
  "warmups": 1,
  "repeats": 3,
  "commit": "993c7fa13b6e91058a298c2761bac1eef224e403",
  "peak_rss_mb": 1344.296875,
  "gn_path": "legacy_dense",
  "mean": 3.099276254334351,
  "std": 0.09787519983841056,
  "median": 3.046572950999689,
  "iqr": 0.1108426970004075,
  "mean_sec": 3.099276254334351,
  "std_sec": 0.09787519983841056,
  "median_sec": 3.046572950999689,
  "iqr_sec": 0.1108426970004075,
  "voltage_rmse": 0.00027750980022239757,
  "voltage_mae": 0.00019589954353707082,
  "voltage_relative_error_pct": 0.6835762815762657,
  "conductivity_mae": 0.04546977827343574,
  "conductivity_rmse": 0.15144067172627415,
  "conductivity_relative_error_pct": 14.391426533685864,
  "final_residual": 0.01458174769761089,
  "iterations": 1,
  "jacobian_backend": "EidorsStyleAdjointJacobian",
  "linear_solver": "torch_dense_normal_equations",
  "linear_system_rows": 5702,
  "linear_system_cols": 5702,
  "regularization_structure": "dense",
  "gpu_scope_note": "GPU acceleration currently benefits inverse/tensor operations; forward PDE assembly remains on the FEniCS/CPU side.",
  "used_measurement_space_fast_path": false,
  "enable_measurement_space_fast_path": false,
  "enable_diagonal_regularization_cache": false
}