{
  "framework": "pyeidors",
  "task": "absolute_gn",
  "mesh_level": "fine",
  "mesh_name": "ref18",
  "scenario": "low_z",
  "n_nodes": 6910,
  "n_elements": 13530,
  "n_frames": 1,
  "device": "cpu",
  "warmups": 1,
  "repeats": 3,
  "commit": "993c7fa13b6e91058a298c2761bac1eef224e403",
  "peak_rss_mb": 6444.8359375,
  "gn_path": "legacy_dense",
  "mean": 170.53333851366673,
  "std": 0.8493907216768019,
  "median": 170.96891285200036,
  "iqr": 0.9694860204999713,
  "mean_sec": 170.53333851366673,
  "std_sec": 0.8493907216768019,
  "median_sec": 170.96891285200036,
  "iqr_sec": 0.9694860204999713,
  "voltage_rmse": 0.0002682634814533104,
  "voltage_mae": 0.00018864818471747577,
  "voltage_relative_error_pct": 0.6576829808452513,
  "conductivity_mae": 0.045561490742345924,
  "conductivity_rmse": 0.1507671458098594,
  "conductivity_relative_error_pct": 14.341876134640547,
  "final_residual": 0.0038882850954318083,
  "iterations": 5,
  "jacobian_backend": "EidorsStyleAdjointJacobian",
  "linear_solver": "torch_dense_normal_equations",
  "linear_system_rows": 13530,
  "linear_system_cols": 13530,
  "regularization_structure": "dense",
  "gpu_scope_note": "GPU acceleration currently benefits inverse/tensor operations; forward PDE assembly remains on the FEniCS/CPU side.",
  "used_measurement_space_fast_path": false,
  "enable_measurement_space_fast_path": false,
  "enable_diagonal_regularization_cache": false
}