{
  "framework": "pyeidors",
  "task": "absolute_gn",
  "mesh_level": "fine",
  "mesh_name": "ref18",
  "scenario": "low_z",
  "n_nodes": 6910,
  "n_elements": 13530,
  "n_frames": 1,
  "device": "gpu",
  "warmups": 1,
  "repeats": 3,
  "commit": "993c7fa13b6e91058a298c2761bac1eef224e403",
  "peak_rss_mb": 2616.921875,
  "gn_path": "legacy_dense",
  "mean": 50.979857695667306,
  "std": 0.029227773797607052,
  "median": 50.966399136999826,
  "iqr": 0.03384589400047844,
  "mean_sec": 50.979857695667306,
  "std_sec": 0.029227773797607052,
  "median_sec": 50.966399136999826,
  "iqr_sec": 0.03384589400047844,
  "voltage_rmse": 0.00026826348155308677,
  "voltage_mae": 0.00018864818492329662,
  "voltage_relative_error_pct": 0.6576829810898661,
  "conductivity_mae": 0.04556149074232958,
  "conductivity_rmse": 0.15076714581000694,
  "conductivity_relative_error_pct": 14.341876134654582,
  "final_residual": 0.0038882850951255836,
  "iterations": 5,
  "jacobian_backend": "EidorsStyleAdjointJacobian",
  "linear_solver": "torch_dense_normal_equations",
  "linear_system_rows": 13530,
  "linear_system_cols": 13530,
  "regularization_structure": "dense",
  "gpu_scope_note": "GPU acceleration currently benefits inverse/tensor operations; forward PDE assembly remains on the FEniCS/CPU side.",
  "used_measurement_space_fast_path": false,
  "enable_measurement_space_fast_path": false,
  "enable_diagonal_regularization_cache": false
}