refinement,nodes,elements,cold_sec,warm_sec
12,2940,5702,2.3368137090001255,2.2970715630071936
