refinement,nodes,elements,cold_sec,warm_sec
12,2940,5702,5.191325204999885,5.003665687007015
