{
  "difference": {
    "rmse": 7.675140248484879e-05,
    "mae": 6.43280418837918e-05,
    "max_abs_error": 0.00014701302778994188,
    "relative_error_pct": 235.27816544242086,
    "correlation": 0.9914904050906297
  },
  "absolute": {
    "rmse": 7.001967184512498e-10,
    "mae": 4.112241802920928e-10,
    "max_abs_error": 2.501894979384245e-09,
    "relative_error_pct": 3.0127073809968456e-06,
    "correlation": 0.9999999999999991
  },
  "n_measurements": 208,
  "metadata": {
    "n_elec": 16,
    "phantom": {
      "center": [
        0.3,
        0.2
      ],
      "radius": 0.2,
      "contrast": 1.5
    }
  },
  "calibration": {
    "scale": 1.0,
    "bias": 0.0
  },
  "difference_solver": "single-step",
  "difference_metadata": {
    "solver": "single-step",
    "step_size": 1.2843771309726928,
    "jacobian_method": "efficient",
    "measurement_weight_strategy": "baseline",
    "hyperparameter": 0.01,
    "noser_exponent": 0.5,
    "conductivity_bounds": [
      1e-06,
      10.0
    ],
    "delta_norm": 2.9039481424602607,
    "weight_stats": {
      "min": 0.00015173823611506148,
      "max": 0.008279617021886,
      "median": 0.0003215818377358663
    },
    "rmse": 7.675140248484879e-05
  }
}